country,country_code,year,sector_level,sector_code,sector,gas,unit,emissions_mt
Austria,AUT,2000,total,Sectors/Totals_excl,Total (excl. LULUCF),All GHGs,Mt CO2 eq.,81.119122
Austria,AUT,2001,total,Sectors/Totals_excl,Total (excl. LULUCF),All GHGs,Mt CO2 eq.,85.041941
Austria,AUT,2002,total,Sectors/Totals_excl,Total (excl. LULUCF),All GHGs,Mt CO2 eq.,86.802661
Austria,AUT,2003,total,Sectors/Totals_excl,Total (excl. LULUCF),All GHGs,Mt CO2 eq.,92.140015
Austria,AUT,2004,total,Sectors/Totals_excl,Total (excl. LULUCF),All GHGs,Mt CO2 eq.,91.939956
Austria,AUT,2005,total,Sectors/Totals_excl,Total (excl. LULUCF),All GHGs,Mt CO2 eq.,93.088957
Austria,AUT,2006,total,Sectors/Totals_excl,Total (excl. LULUCF),All GHGs,Mt CO2 eq.,90.647776
Austria,AUT,2007,total,Sectors/Totals_excl,Total (excl. LULUCF),All GHGs,Mt CO2 eq.,87.889605
Austria,AUT,2008,total,Sectors/Totals_excl,Total (excl. LULUCF),All GHGs,Mt CO2 eq.,87.34899
Austria,AUT,2009,total,Sectors/Totals_excl,Total (excl. LULUCF),All GHGs,Mt CO2 eq.,80.752619
Austria,AUT,2010,total,Sectors/Totals_excl,Total (excl. LULUCF),All GHGs,Mt CO2 eq.,85.339467
Austria,AUT,2011,total,Sectors/Totals_excl,Total (excl. LULUCF),All GHGs,Mt CO2 eq.,83.21426
Austria,AUT,2012,total,Sectors/Totals_excl,Total (excl. LULUCF),All GHGs,Mt CO2 eq.,80.383916
Austria,AUT,2013,total,Sectors/Totals_excl,Total (excl. LULUCF),All GHGs,Mt CO2 eq.,80.826551
Austria,AUT,2014,total,Sectors/Totals_excl,Total (excl. LULUCF),All GHGs,Mt CO2 eq.,77.120846
Austria,AUT,2015,total,Sectors/Totals_excl,Total (excl. LULUCF),All GHGs,Mt CO2 eq.,79.316296
Austria,AUT,2016,total,Sectors/Totals_excl,Total (excl. LULUCF),All GHGs,Mt CO2 eq.,80.306181
Austria,AUT,2017,total,Sectors/Totals_excl,Total (excl. LULUCF),All GHGs,Mt CO2 eq.,82.703416
Austria,AUT,2018,total,Sectors/Totals_excl,Total (excl. LULUCF),All GHGs,Mt CO2 eq.,79.654776
Austria,AUT,2019,total,Sectors/Totals_excl,Total (excl. LULUCF),All GHGs,Mt CO2 eq.,80.818576
Austria,AUT,2020,total,Sectors/Totals_excl,Total (excl. LULUCF),All GHGs,Mt CO2 eq.,74.795312
Austria,AUT,2021,total,Sectors/Totals_excl,Total (excl. LULUCF),All GHGs,Mt CO2 eq.,78.131005
Austria,AUT,2022,total,Sectors/Totals_excl,Total (excl. LULUCF),All GHGs,Mt CO2 eq.,73.506582
Austria,AUT,2023,total,Sectors/Totals_excl,Total (excl. LULUCF),All GHGs,Mt CO2 eq.,68.674061
Austria,AUT,2024,total,Sectors/Totals_excl,Total (excl. LULUCF),All GHGs,Mt CO2 eq.,66.637831
Belgium,BEL,2000,total,Sectors/Totals_excl,Total (excl. LULUCF),All GHGs,Mt CO2 eq.,148.232324
Belgium,BEL,2001,total,Sectors/Totals_excl,Total (excl. LULUCF),All GHGs,Mt CO2 eq.,146.649782
Belgium,BEL,2002,total,Sectors/Totals_excl,Total (excl. LULUCF),All GHGs,Mt CO2 eq.,146.669828
Belgium,BEL,2003,total,Sectors/Totals_excl,Total (excl. LULUCF),All GHGs,Mt CO2 eq.,146.988077
Belgium,BEL,2004,total,Sectors/Totals_excl,Total (excl. LULUCF),All GHGs,Mt CO2 eq.,147.865847
Belgium,BEL,2005,total,Sectors/Totals_excl,Total (excl. LULUCF),All GHGs,Mt CO2 eq.,144.683378
Belgium,BEL,2006,total,Sectors/Totals_excl,Total (excl. LULUCF),All GHGs,Mt CO2 eq.,142.068695
Belgium,BEL,2007,total,Sectors/Totals_excl,Total (excl. LULUCF),All GHGs,Mt CO2 eq.,138.40891
Belgium,BEL,2008,total,Sectors/Totals_excl,Total (excl. LULUCF),All GHGs,Mt CO2 eq.,138.392419
Belgium,BEL,2009,total,Sectors/Totals_excl,Total (excl. LULUCF),All GHGs,Mt CO2 eq.,125.772247
Belgium,BEL,2010,total,Sectors/Totals_excl,Total (excl. LULUCF),All GHGs,Mt CO2 eq.,132.97464
Belgium,BEL,2011,total,Sectors/Totals_excl,Total (excl. LULUCF),All GHGs,Mt CO2 eq.,122.527218
Belgium,BEL,2012,total,Sectors/Totals_excl,Total (excl. LULUCF),All GHGs,Mt CO2 eq.,119.794718
Belgium,BEL,2013,total,Sectors/Totals_excl,Total (excl. LULUCF),All GHGs,Mt CO2 eq.,119.882358
Belgium,BEL,2014,total,Sectors/Totals_excl,Total (excl. LULUCF),All GHGs,Mt CO2 eq.,114.146401
Belgium,BEL,2015,total,Sectors/Totals_excl,Total (excl. LULUCF),All GHGs,Mt CO2 eq.,118.419606
Belgium,BEL,2016,total,Sectors/Totals_excl,Total (excl. LULUCF),All GHGs,Mt CO2 eq.,116.997651
Belgium,BEL,2017,total,Sectors/Totals_excl,Total (excl. LULUCF),All GHGs,Mt CO2 eq.,116.37919
Belgium,BEL,2018,total,Sectors/Totals_excl,Total (excl. LULUCF),All GHGs,Mt CO2 eq.,117.150176
Belgium,BEL,2019,total,Sectors/Totals_excl,Total (excl. LULUCF),All GHGs,Mt CO2 eq.,116.06723
Belgium,BEL,2020,total,Sectors/Totals_excl,Total (excl. LULUCF),All GHGs,Mt CO2 eq.,106.735759
Belgium,BEL,2021,total,Sectors/Totals_excl,Total (excl. LULUCF),All GHGs,Mt CO2 eq.,109.461033
Belgium,BEL,2022,total,Sectors/Totals_excl,Total (excl. LULUCF),All GHGs,Mt CO2 eq.,102.628964
Belgium,BEL,2023,total,Sectors/Totals_excl,Total (excl. LULUCF),All GHGs,Mt CO2 eq.,97.814744
Belgium,BEL,2024,total,Sectors/Totals_excl,Total (excl. LULUCF),All GHGs,Mt CO2 eq.,98.012409
Bulgaria,BGR,2000,total,Sectors/Totals_excl,Total (excl. LULUCF),All GHGs,Mt CO2 eq.,57.886692
Bulgaria,BGR,2001,total,Sectors/Totals_excl,Total (excl. LULUCF),All GHGs,Mt CO2 eq.,60.708633
Bulgaria,BGR,2002,total,Sectors/Totals_excl,Total (excl. LULUCF),All GHGs,Mt CO2 eq.,58.107343
Bulgaria,BGR,2003,total,Sectors/Totals_excl,Total (excl. LULUCF),All GHGs,Mt CO2 eq.,62.994504
Bulgaria,BGR,2004,total,Sectors/Totals_excl,Total (excl. LULUCF),All GHGs,Mt CO2 eq.,62.106323
Bulgaria,BGR,2005,total,Sectors/Totals_excl,Total (excl. LULUCF),All GHGs,Mt CO2 eq.,62.639397
Bulgaria,BGR,2006,total,Sectors/Totals_excl,Total (excl. LULUCF),All GHGs,Mt CO2 eq.,63.39254
Bulgaria,BGR,2007,total,Sectors/Totals_excl,Total (excl. LULUCF),All GHGs,Mt CO2 eq.,67.228126
Bulgaria,BGR,2008,total,Sectors/Totals_excl,Total (excl. LULUCF),All GHGs,Mt CO2 eq.,65.884341
Bulgaria,BGR,2009,total,Sectors/Totals_excl,Total (excl. LULUCF),All GHGs,Mt CO2 eq.,56.986853
Bulgaria,BGR,2010,total,Sectors/Totals_excl,Total (excl. LULUCF),All GHGs,Mt CO2 eq.,59.626017
Bulgaria,BGR,2011,total,Sectors/Totals_excl,Total (excl. LULUCF),All GHGs,Mt CO2 eq.,65.008795
Bulgaria,BGR,2012,total,Sectors/Totals_excl,Total (excl. LULUCF),All GHGs,Mt CO2 eq.,59.936
Bulgaria,BGR,2013,total,Sectors/Totals_excl,Total (excl. LULUCF),All GHGs,Mt CO2 eq.,54.521316
Bulgaria,BGR,2014,total,Sectors/Totals_excl,Total (excl. LULUCF),All GHGs,Mt CO2 eq.,57.547203
Bulgaria,BGR,2015,total,Sectors/Totals_excl,Total (excl. LULUCF),All GHGs,Mt CO2 eq.,60.701506
Bulgaria,BGR,2016,total,Sectors/Totals_excl,Total (excl. LULUCF),All GHGs,Mt CO2 eq.,58.074172
Bulgaria,BGR,2017,total,Sectors/Totals_excl,Total (excl. LULUCF),All GHGs,Mt CO2 eq.,60.033438
Bulgaria,BGR,2018,total,Sectors/Totals_excl,Total (excl. LULUCF),All GHGs,Mt CO2 eq.,55.682269
Bulgaria,BGR,2019,total,Sectors/Totals_excl,Total (excl. LULUCF),All GHGs,Mt CO2 eq.,54.154911
Bulgaria,BGR,2020,total,Sectors/Totals_excl,Total (excl. LULUCF),All GHGs,Mt CO2 eq.,48.297104
Bulgaria,BGR,2021,total,Sectors/Totals_excl,Total (excl. LULUCF),All GHGs,Mt CO2 eq.,54.384353
Bulgaria,BGR,2022,total,Sectors/Totals_excl,Total (excl. LULUCF),All GHGs,Mt CO2 eq.,58.658373
Bulgaria,BGR,2023,total,Sectors/Totals_excl,Total (excl. LULUCF),All GHGs,Mt CO2 eq.,45.69501
Bulgaria,BGR,2024,total,Sectors/Totals_excl,Total (excl. LULUCF),All GHGs,Mt CO2 eq.,43.376311
Croatia,HRV,2000,total,Sectors/Totals_excl,Total (excl. LULUCF),All GHGs,Mt CO2 eq.,25.724269
Croatia,HRV,2001,total,Sectors/Totals_excl,Total (excl. LULUCF),All GHGs,Mt CO2 eq.,26.899505
Croatia,HRV,2002,total,Sectors/Totals_excl,Total (excl. LULUCF),All GHGs,Mt CO2 eq.,27.989297
Croatia,HRV,2003,total,Sectors/Totals_excl,Total (excl. LULUCF),All GHGs,Mt CO2 eq.,29.417808
Croatia,HRV,2004,total,Sectors/Totals_excl,Total (excl. LULUCF),All GHGs,Mt CO2 eq.,29.365411
Croatia,HRV,2005,total,Sectors/Totals_excl,Total (excl. LULUCF),All GHGs,Mt CO2 eq.,29.839251
Croatia,HRV,2006,total,Sectors/Totals_excl,Total (excl. LULUCF),All GHGs,Mt CO2 eq.,30.216111
Croatia,HRV,2007,total,Sectors/Totals_excl,Total (excl. LULUCF),All GHGs,Mt CO2 eq.,31.645045
Croatia,HRV,2008,total,Sectors/Totals_excl,Total (excl. LULUCF),All GHGs,Mt CO2 eq.,30.700287
Croatia,HRV,2009,total,Sectors/Totals_excl,Total (excl. LULUCF),All GHGs,Mt CO2 eq.,28.539983
Croatia,HRV,2010,total,Sectors/Totals_excl,Total (excl. LULUCF),All GHGs,Mt CO2 eq.,28.145891
Croatia,HRV,2011,total,Sectors/Totals_excl,Total (excl. LULUCF),All GHGs,Mt CO2 eq.,27.863002
Croatia,HRV,2012,total,Sectors/Totals_excl,Total (excl. LULUCF),All GHGs,Mt CO2 eq.,26.129528
Croatia,HRV,2013,total,Sectors/Totals_excl,Total (excl. LULUCF),All GHGs,Mt CO2 eq.,24.916638
Croatia,HRV,2014,total,Sectors/Totals_excl,Total (excl. LULUCF),All GHGs,Mt CO2 eq.,24.179941
Croatia,HRV,2015,total,Sectors/Totals_excl,Total (excl. LULUCF),All GHGs,Mt CO2 eq.,24.635245
Croatia,HRV,2016,total,Sectors/Totals_excl,Total (excl. LULUCF),All GHGs,Mt CO2 eq.,24.810273
Croatia,HRV,2017,total,Sectors/Totals_excl,Total (excl. LULUCF),All GHGs,Mt CO2 eq.,25.664865
Croatia,HRV,2018,total,Sectors/Totals_excl,Total (excl. LULUCF),All GHGs,Mt CO2 eq.,24.548405
Croatia,HRV,2019,total,Sectors/Totals_excl,Total (excl. LULUCF),All GHGs,Mt CO2 eq.,24.702123
Croatia,HRV,2020,total,Sectors/Totals_excl,Total (excl. LULUCF),All GHGs,Mt CO2 eq.,23.827499
Croatia,HRV,2021,total,Sectors/Totals_excl,Total (excl. LULUCF),All GHGs,Mt CO2 eq.,24.33624
Croatia,HRV,2022,total,Sectors/Totals_excl,Total (excl. LULUCF),All GHGs,Mt CO2 eq.,24.442692
Croatia,HRV,2023,total,Sectors/Totals_excl,Total (excl. LULUCF),All GHGs,Mt CO2 eq.,25.342547
Croatia,HRV,2024,total,Sectors/Totals_excl,Total (excl. LULUCF),All GHGs,Mt CO2 eq.,25.27542
Cyprus,CYP,2000,total,Sectors/Totals_excl,Total (excl. LULUCF),All GHGs,Mt CO2 eq.,8.299728
Cyprus,CYP,2001,total,Sectors/Totals_excl,Total (excl. LULUCF),All GHGs,Mt CO2 eq.,8.237882
Cyprus,CYP,2002,total,Sectors/Totals_excl,Total (excl. LULUCF),All GHGs,Mt CO2 eq.,8.472879
Cyprus,CYP,2003,total,Sectors/Totals_excl,Total (excl. LULUCF),All GHGs,Mt CO2 eq.,8.862386
Cyprus,CYP,2004,total,Sectors/Totals_excl,Total (excl. LULUCF),All GHGs,Mt CO2 eq.,9.090255
Cyprus,CYP,2005,total,Sectors/Totals_excl,Total (excl. LULUCF),All GHGs,Mt CO2 eq.,9.233533
Cyprus,CYP,2006,total,Sectors/Totals_excl,Total (excl. LULUCF),All GHGs,Mt CO2 eq.,9.485758
Cyprus,CYP,2007,total,Sectors/Totals_excl,Total (excl. LULUCF),All GHGs,Mt CO2 eq.,9.795268
Cyprus,CYP,2008,total,Sectors/Totals_excl,Total (excl. LULUCF),All GHGs,Mt CO2 eq.,10.021372
Cyprus,CYP,2009,total,Sectors/Totals_excl,Total (excl. LULUCF),All GHGs,Mt CO2 eq.,9.776034
Cyprus,CYP,2010,total,Sectors/Totals_excl,Total (excl. LULUCF),All GHGs,Mt CO2 eq.,9.446489
Cyprus,CYP,2011,total,Sectors/Totals_excl,Total (excl. LULUCF),All GHGs,Mt CO2 eq.,9.177753
Cyprus,CYP,2012,total,Sectors/Totals_excl,Total (excl. LULUCF),All GHGs,Mt CO2 eq.,8.638682
Cyprus,CYP,2013,total,Sectors/Totals_excl,Total (excl. LULUCF),All GHGs,Mt CO2 eq.,7.931919
Cyprus,CYP,2014,total,Sectors/Totals_excl,Total (excl. LULUCF),All GHGs,Mt CO2 eq.,8.290076
Cyprus,CYP,2015,total,Sectors/Totals_excl,Total (excl. LULUCF),All GHGs,Mt CO2 eq.,8.340928
Cyprus,CYP,2016,total,Sectors/Totals_excl,Total (excl. LULUCF),All GHGs,Mt CO2 eq.,8.777911
Cyprus,CYP,2017,total,Sectors/Totals_excl,Total (excl. LULUCF),All GHGs,Mt CO2 eq.,8.945754
Cyprus,CYP,2018,total,Sectors/Totals_excl,Total (excl. LULUCF),All GHGs,Mt CO2 eq.,8.832259
Cyprus,CYP,2019,total,Sectors/Totals_excl,Total (excl. LULUCF),All GHGs,Mt CO2 eq.,8.87575
Cyprus,CYP,2020,total,Sectors/Totals_excl,Total (excl. LULUCF),All GHGs,Mt CO2 eq.,8.497481
Cyprus,CYP,2021,total,Sectors/Totals_excl,Total (excl. LULUCF),All GHGs,Mt CO2 eq.,8.697878
Cyprus,CYP,2022,total,Sectors/Totals_excl,Total (excl. LULUCF),All GHGs,Mt CO2 eq.,8.747109
Cyprus,CYP,2023,total,Sectors/Totals_excl,Total (excl. LULUCF),All GHGs,Mt CO2 eq.,8.785226
Cyprus,CYP,2024,total,Sectors/Totals_excl,Total (excl. LULUCF),All GHGs,Mt CO2 eq.,8.834637
Czechia,CZE,2000,total,Sectors/Totals_excl,Total (excl. LULUCF),All GHGs,Mt CO2 eq.,149.112093
Czechia,CZE,2001,total,Sectors/Totals_excl,Total (excl. LULUCF),All GHGs,Mt CO2 eq.,149.591583
Czechia,CZE,2002,total,Sectors/Totals_excl,Total (excl. LULUCF),All GHGs,Mt CO2 eq.,145.718218
Czechia,CZE,2003,total,Sectors/Totals_excl,Total (excl. LULUCF),All GHGs,Mt CO2 eq.,147.440697
Czechia,CZE,2004,total,Sectors/Totals_excl,Total (excl. LULUCF),All GHGs,Mt CO2 eq.,149.140176
Czechia,CZE,2005,total,Sectors/Totals_excl,Total (excl. LULUCF),All GHGs,Mt CO2 eq.,147.274622
Czechia,CZE,2006,total,Sectors/Totals_excl,Total (excl. LULUCF),All GHGs,Mt CO2 eq.,148.414891
Czechia,CZE,2007,total,Sectors/Totals_excl,Total (excl. LULUCF),All GHGs,Mt CO2 eq.,150.007192
Czechia,CZE,2008,total,Sectors/Totals_excl,Total (excl. LULUCF),All GHGs,Mt CO2 eq.,144.439875
Czechia,CZE,2009,total,Sectors/Totals_excl,Total (excl. LULUCF),All GHGs,Mt CO2 eq.,135.767819
Czechia,CZE,2010,total,Sectors/Totals_excl,Total (excl. LULUCF),All GHGs,Mt CO2 eq.,138.920318
Czechia,CZE,2011,total,Sectors/Totals_excl,Total (excl. LULUCF),All GHGs,Mt CO2 eq.,135.724295
Czechia,CZE,2012,total,Sectors/Totals_excl,Total (excl. LULUCF),All GHGs,Mt CO2 eq.,132.096825
Czechia,CZE,2013,total,Sectors/Totals_excl,Total (excl. LULUCF),All GHGs,Mt CO2 eq.,127.768187
Czechia,CZE,2014,total,Sectors/Totals_excl,Total (excl. LULUCF),All GHGs,Mt CO2 eq.,125.087438
Czechia,CZE,2015,total,Sectors/Totals_excl,Total (excl. LULUCF),All GHGs,Mt CO2 eq.,125.242068
Czechia,CZE,2016,total,Sectors/Totals_excl,Total (excl. LULUCF),All GHGs,Mt CO2 eq.,127.597505
Czechia,CZE,2017,total,Sectors/Totals_excl,Total (excl. LULUCF),All GHGs,Mt CO2 eq.,128.728815
Czechia,CZE,2018,total,Sectors/Totals_excl,Total (excl. LULUCF),All GHGs,Mt CO2 eq.,126.211647
Czechia,CZE,2019,total,Sectors/Totals_excl,Total (excl. LULUCF),All GHGs,Mt CO2 eq.,120.989595
Czechia,CZE,2020,total,Sectors/Totals_excl,Total (excl. LULUCF),All GHGs,Mt CO2 eq.,111.629803
Czechia,CZE,2021,total,Sectors/Totals_excl,Total (excl. LULUCF),All GHGs,Mt CO2 eq.,117.032388
Czechia,CZE,2022,total,Sectors/Totals_excl,Total (excl. LULUCF),All GHGs,Mt CO2 eq.,114.572293
Czechia,CZE,2023,total,Sectors/Totals_excl,Total (excl. LULUCF),All GHGs,Mt CO2 eq.,102.239877
Czechia,CZE,2024,total,Sectors/Totals_excl,Total (excl. LULUCF),All GHGs,Mt CO2 eq.,96.597156
Denmark,DNK,2000,total,Sectors/Totals_excl,Total (excl. LULUCF),All GHGs,Mt CO2 eq.,72.661423
Denmark,DNK,2001,total,Sectors/Totals_excl,Total (excl. LULUCF),All GHGs,Mt CO2 eq.,74.207575
Denmark,DNK,2002,total,Sectors/Totals_excl,Total (excl. LULUCF),All GHGs,Mt CO2 eq.,73.667504
Denmark,DNK,2003,total,Sectors/Totals_excl,Total (excl. LULUCF),All GHGs,Mt CO2 eq.,78.680683
Denmark,DNK,2004,total,Sectors/Totals_excl,Total (excl. LULUCF),All GHGs,Mt CO2 eq.,72.729377
Denmark,DNK,2005,total,Sectors/Totals_excl,Total (excl. LULUCF),All GHGs,Mt CO2 eq.,68.407383
Denmark,DNK,2006,total,Sectors/Totals_excl,Total (excl. LULUCF),All GHGs,Mt CO2 eq.,76.065819
Denmark,DNK,2007,total,Sectors/Totals_excl,Total (excl. LULUCF),All GHGs,Mt CO2 eq.,71.348411
Denmark,DNK,2008,total,Sectors/Totals_excl,Total (excl. LULUCF),All GHGs,Mt CO2 eq.,67.737107
Denmark,DNK,2009,total,Sectors/Totals_excl,Total (excl. LULUCF),All GHGs,Mt CO2 eq.,65.035053
Denmark,DNK,2010,total,Sectors/Totals_excl,Total (excl. LULUCF),All GHGs,Mt CO2 eq.,65.18725
Denmark,DNK,2011,total,Sectors/Totals_excl,Total (excl. LULUCF),All GHGs,Mt CO2 eq.,59.946999
Denmark,DNK,2012,total,Sectors/Totals_excl,Total (excl. LULUCF),All GHGs,Mt CO2 eq.,55.423529
Denmark,DNK,2013,total,Sectors/Totals_excl,Total (excl. LULUCF),All GHGs,Mt CO2 eq.,57.152866
Denmark,DNK,2014,total,Sectors/Totals_excl,Total (excl. LULUCF),All GHGs,Mt CO2 eq.,52.98475
Denmark,DNK,2015,total,Sectors/Totals_excl,Total (excl. LULUCF),All GHGs,Mt CO2 eq.,50.286806
Denmark,DNK,2016,total,Sectors/Totals_excl,Total (excl. LULUCF),All GHGs,Mt CO2 eq.,52.316364
Denmark,DNK,2017,total,Sectors/Totals_excl,Total (excl. LULUCF),All GHGs,Mt CO2 eq.,49.966073
Denmark,DNK,2018,total,Sectors/Totals_excl,Total (excl. LULUCF),All GHGs,Mt CO2 eq.,49.842759
Denmark,DNK,2019,total,Sectors/Totals_excl,Total (excl. LULUCF),All GHGs,Mt CO2 eq.,45.865843
Denmark,DNK,2020,total,Sectors/Totals_excl,Total (excl. LULUCF),All GHGs,Mt CO2 eq.,43.237226
Denmark,DNK,2021,total,Sectors/Totals_excl,Total (excl. LULUCF),All GHGs,Mt CO2 eq.,44.215571
Denmark,DNK,2022,total,Sectors/Totals_excl,Total (excl. LULUCF),All GHGs,Mt CO2 eq.,42.525184
Denmark,DNK,2023,total,Sectors/Totals_excl,Total (excl. LULUCF),All GHGs,Mt CO2 eq.,39.073225
Denmark,DNK,2024,total,Sectors/Totals_excl,Total (excl. LULUCF),All GHGs,Mt CO2 eq.,36.751542
Estonia,EST,2000,total,Sectors/Totals_excl,Total (excl. LULUCF),All GHGs,Mt CO2 eq.,17.514234
Estonia,EST,2001,total,Sectors/Totals_excl,Total (excl. LULUCF),All GHGs,Mt CO2 eq.,17.951887
Estonia,EST,2002,total,Sectors/Totals_excl,Total (excl. LULUCF),All GHGs,Mt CO2 eq.,17.360692
Estonia,EST,2003,total,Sectors/Totals_excl,Total (excl. LULUCF),All GHGs,Mt CO2 eq.,19.290593
Estonia,EST,2004,total,Sectors/Totals_excl,Total (excl. LULUCF),All GHGs,Mt CO2 eq.,19.422008
Estonia,EST,2005,total,Sectors/Totals_excl,Total (excl. LULUCF),All GHGs,Mt CO2 eq.,19.194286
Estonia,EST,2006,total,Sectors/Totals_excl,Total (excl. LULUCF),All GHGs,Mt CO2 eq.,18.537366
Estonia,EST,2007,total,Sectors/Totals_excl,Total (excl. LULUCF),All GHGs,Mt CO2 eq.,22.081785
Estonia,EST,2008,total,Sectors/Totals_excl,Total (excl. LULUCF),All GHGs,Mt CO2 eq.,19.977822
Estonia,EST,2009,total,Sectors/Totals_excl,Total (excl. LULUCF),All GHGs,Mt CO2 eq.,16.536466
Estonia,EST,2010,total,Sectors/Totals_excl,Total (excl. LULUCF),All GHGs,Mt CO2 eq.,21.128626
Estonia,EST,2011,total,Sectors/Totals_excl,Total (excl. LULUCF),All GHGs,Mt CO2 eq.,21.076886
Estonia,EST,2012,total,Sectors/Totals_excl,Total (excl. LULUCF),All GHGs,Mt CO2 eq.,19.960568
Estonia,EST,2013,total,Sectors/Totals_excl,Total (excl. LULUCF),All GHGs,Mt CO2 eq.,21.828297
Estonia,EST,2014,total,Sectors/Totals_excl,Total (excl. LULUCF),All GHGs,Mt CO2 eq.,20.985715
Estonia,EST,2015,total,Sectors/Totals_excl,Total (excl. LULUCF),All GHGs,Mt CO2 eq.,17.910502
Estonia,EST,2016,total,Sectors/Totals_excl,Total (excl. LULUCF),All GHGs,Mt CO2 eq.,19.51774
Estonia,EST,2017,total,Sectors/Totals_excl,Total (excl. LULUCF),All GHGs,Mt CO2 eq.,20.750366
Estonia,EST,2018,total,Sectors/Totals_excl,Total (excl. LULUCF),All GHGs,Mt CO2 eq.,19.943593
Estonia,EST,2019,total,Sectors/Totals_excl,Total (excl. LULUCF),All GHGs,Mt CO2 eq.,14.498582
Estonia,EST,2020,total,Sectors/Totals_excl,Total (excl. LULUCF),All GHGs,Mt CO2 eq.,11.320169
Estonia,EST,2021,total,Sectors/Totals_excl,Total (excl. LULUCF),All GHGs,Mt CO2 eq.,12.568002
Estonia,EST,2022,total,Sectors/Totals_excl,Total (excl. LULUCF),All GHGs,Mt CO2 eq.,14.163021
Estonia,EST,2023,total,Sectors/Totals_excl,Total (excl. LULUCF),All GHGs,Mt CO2 eq.,10.887967
Estonia,EST,2024,total,Sectors/Totals_excl,Total (excl. LULUCF),All GHGs,Mt CO2 eq.,10.240616
Finland,FIN,2000,total,Sectors/Totals_excl,Total (excl. LULUCF),All GHGs,Mt CO2 eq.,70.538485
Finland,FIN,2001,total,Sectors/Totals_excl,Total (excl. LULUCF),All GHGs,Mt CO2 eq.,75.914466
Finland,FIN,2002,total,Sectors/Totals_excl,Total (excl. LULUCF),All GHGs,Mt CO2 eq.,78.312197
Finland,FIN,2003,total,Sectors/Totals_excl,Total (excl. LULUCF),All GHGs,Mt CO2 eq.,85.846052
Finland,FIN,2004,total,Sectors/Totals_excl,Total (excl. LULUCF),All GHGs,Mt CO2 eq.,81.966633
Finland,FIN,2005,total,Sectors/Totals_excl,Total (excl. LULUCF),All GHGs,Mt CO2 eq.,69.937411
Finland,FIN,2006,total,Sectors/Totals_excl,Total (excl. LULUCF),All GHGs,Mt CO2 eq.,81.367
Finland,FIN,2007,total,Sectors/Totals_excl,Total (excl. LULUCF),All GHGs,Mt CO2 eq.,79.65824
Finland,FIN,2008,total,Sectors/Totals_excl,Total (excl. LULUCF),All GHGs,Mt CO2 eq.,71.484149
Finland,FIN,2009,total,Sectors/Totals_excl,Total (excl. LULUCF),All GHGs,Mt CO2 eq.,67.783386
Finland,FIN,2010,total,Sectors/Totals_excl,Total (excl. LULUCF),All GHGs,Mt CO2 eq.,75.791369
Finland,FIN,2011,total,Sectors/Totals_excl,Total (excl. LULUCF),All GHGs,Mt CO2 eq.,68.026502
Finland,FIN,2012,total,Sectors/Totals_excl,Total (excl. LULUCF),All GHGs,Mt CO2 eq.,62.403876
Finland,FIN,2013,total,Sectors/Totals_excl,Total (excl. LULUCF),All GHGs,Mt CO2 eq.,62.927521
Finland,FIN,2014,total,Sectors/Totals_excl,Total (excl. LULUCF),All GHGs,Mt CO2 eq.,58.757699
Finland,FIN,2015,total,Sectors/Totals_excl,Total (excl. LULUCF),All GHGs,Mt CO2 eq.,55.174103
Finland,FIN,2016,total,Sectors/Totals_excl,Total (excl. LULUCF),All GHGs,Mt CO2 eq.,58.014535
Finland,FIN,2017,total,Sectors/Totals_excl,Total (excl. LULUCF),All GHGs,Mt CO2 eq.,55.158009
Finland,FIN,2018,total,Sectors/Totals_excl,Total (excl. LULUCF),All GHGs,Mt CO2 eq.,56.219289
Finland,FIN,2019,total,Sectors/Totals_excl,Total (excl. LULUCF),All GHGs,Mt CO2 eq.,52.768069
Finland,FIN,2020,total,Sectors/Totals_excl,Total (excl. LULUCF),All GHGs,Mt CO2 eq.,47.838836
Finland,FIN,2021,total,Sectors/Totals_excl,Total (excl. LULUCF),All GHGs,Mt CO2 eq.,47.951193
Finland,FIN,2022,total,Sectors/Totals_excl,Total (excl. LULUCF),All GHGs,Mt CO2 eq.,45.799137
Finland,FIN,2023,total,Sectors/Totals_excl,Total (excl. LULUCF),All GHGs,Mt CO2 eq.,41.224046
Finland,FIN,2024,total,Sectors/Totals_excl,Total (excl. LULUCF),All GHGs,Mt CO2 eq.,39.283327
France,FRA,2000,total,Sectors/Totals_excl,Total (excl. LULUCF),All GHGs,Mt CO2 eq.,551.946728
France,FRA,2001,total,Sectors/Totals_excl,Total (excl. LULUCF),All GHGs,Mt CO2 eq.,557.042097
France,FRA,2002,total,Sectors/Totals_excl,Total (excl. LULUCF),All GHGs,Mt CO2 eq.,550.616467
France,FRA,2003,total,Sectors/Totals_excl,Total (excl. LULUCF),All GHGs,Mt CO2 eq.,554.711517
France,FRA,2004,total,Sectors/Totals_excl,Total (excl. LULUCF),All GHGs,Mt CO2 eq.,554.295096
France,FRA,2005,total,Sectors/Totals_excl,Total (excl. LULUCF),All GHGs,Mt CO2 eq.,555.599878
France,FRA,2006,total,Sectors/Totals_excl,Total (excl. LULUCF),All GHGs,Mt CO2 eq.,544.940869
France,FRA,2007,total,Sectors/Totals_excl,Total (excl. LULUCF),All GHGs,Mt CO2 eq.,535.202288
France,FRA,2008,total,Sectors/Totals_excl,Total (excl. LULUCF),All GHGs,Mt CO2 eq.,530.266936
France,FRA,2009,total,Sectors/Totals_excl,Total (excl. LULUCF),All GHGs,Mt CO2 eq.,509.160611
France,FRA,2010,total,Sectors/Totals_excl,Total (excl. LULUCF),All GHGs,Mt CO2 eq.,513.050426
France,FRA,2011,total,Sectors/Totals_excl,Total (excl. LULUCF),All GHGs,Mt CO2 eq.,488.00946
France,FRA,2012,total,Sectors/Totals_excl,Total (excl. LULUCF),All GHGs,Mt CO2 eq.,490.678587
France,FRA,2013,total,Sectors/Totals_excl,Total (excl. LULUCF),All GHGs,Mt CO2 eq.,490.196578
France,FRA,2014,total,Sectors/Totals_excl,Total (excl. LULUCF),All GHGs,Mt CO2 eq.,457.405353
France,FRA,2015,total,Sectors/Totals_excl,Total (excl. LULUCF),All GHGs,Mt CO2 eq.,460.83546
France,FRA,2016,total,Sectors/Totals_excl,Total (excl. LULUCF),All GHGs,Mt CO2 eq.,463.714119
France,FRA,2017,total,Sectors/Totals_excl,Total (excl. LULUCF),All GHGs,Mt CO2 eq.,466.055722
France,FRA,2018,total,Sectors/Totals_excl,Total (excl. LULUCF),All GHGs,Mt CO2 eq.,446.538574
France,FRA,2019,total,Sectors/Totals_excl,Total (excl. LULUCF),All GHGs,Mt CO2 eq.,437.708519
France,FRA,2020,total,Sectors/Totals_excl,Total (excl. LULUCF),All GHGs,Mt CO2 eq.,397.953516
France,FRA,2021,total,Sectors/Totals_excl,Total (excl. LULUCF),All GHGs,Mt CO2 eq.,422.3924
France,FRA,2022,total,Sectors/Totals_excl,Total (excl. LULUCF),All GHGs,Mt CO2 eq.,405.786199
France,FRA,2023,total,Sectors/Totals_excl,Total (excl. LULUCF),All GHGs,Mt CO2 eq.,378.228575
France,FRA,2024,total,Sectors/Totals_excl,Total (excl. LULUCF),All GHGs,Mt CO2 eq.,367.018681
Germany,DEU,2000,total,Sectors/Totals_excl,Total (excl. LULUCF),All GHGs,Mt CO2 eq.,1042.99822
Germany,DEU,2001,total,Sectors/Totals_excl,Total (excl. LULUCF),All GHGs,Mt CO2 eq.,1057.082348
Germany,DEU,2002,total,Sectors/Totals_excl,Total (excl. LULUCF),All GHGs,Mt CO2 eq.,1036.657998
Germany,DEU,2003,total,Sectors/Totals_excl,Total (excl. LULUCF),All GHGs,Mt CO2 eq.,1030.538757
Germany,DEU,2004,total,Sectors/Totals_excl,Total (excl. LULUCF),All GHGs,Mt CO2 eq.,1010.676326
Germany,DEU,2005,total,Sectors/Totals_excl,Total (excl. LULUCF),All GHGs,Mt CO2 eq.,988.947491
Germany,DEU,2006,total,Sectors/Totals_excl,Total (excl. LULUCF),All GHGs,Mt CO2 eq.,1001.999008
Germany,DEU,2007,total,Sectors/Totals_excl,Total (excl. LULUCF),All GHGs,Mt CO2 eq.,963.510855
Germany,DEU,2008,total,Sectors/Totals_excl,Total (excl. LULUCF),All GHGs,Mt CO2 eq.,964.925113
Germany,DEU,2009,total,Sectors/Totals_excl,Total (excl. LULUCF),All GHGs,Mt CO2 eq.,901.284537
Germany,DEU,2010,total,Sectors/Totals_excl,Total (excl. LULUCF),All GHGs,Mt CO2 eq.,933.249925
Germany,DEU,2011,total,Sectors/Totals_excl,Total (excl. LULUCF),All GHGs,Mt CO2 eq.,907.615197
Germany,DEU,2012,total,Sectors/Totals_excl,Total (excl. LULUCF),All GHGs,Mt CO2 eq.,916.945385
Germany,DEU,2013,total,Sectors/Totals_excl,Total (excl. LULUCF),All GHGs,Mt CO2 eq.,936.610248
Germany,DEU,2014,total,Sectors/Totals_excl,Total (excl. LULUCF),All GHGs,Mt CO2 eq.,895.231866
Germany,DEU,2015,total,Sectors/Totals_excl,Total (excl. LULUCF),All GHGs,Mt CO2 eq.,898.605653
Germany,DEU,2016,total,Sectors/Totals_excl,Total (excl. LULUCF),All GHGs,Mt CO2 eq.,899.030115
Germany,DEU,2017,total,Sectors/Totals_excl,Total (excl. LULUCF),All GHGs,Mt CO2 eq.,886.279763
Germany,DEU,2018,total,Sectors/Totals_excl,Total (excl. LULUCF),All GHGs,Mt CO2 eq.,850.135001
Germany,DEU,2019,total,Sectors/Totals_excl,Total (excl. LULUCF),All GHGs,Mt CO2 eq.,798.000529
Germany,DEU,2020,total,Sectors/Totals_excl,Total (excl. LULUCF),All GHGs,Mt CO2 eq.,730.972372
Germany,DEU,2021,total,Sectors/Totals_excl,Total (excl. LULUCF),All GHGs,Mt CO2 eq.,762.772667
Germany,DEU,2022,total,Sectors/Totals_excl,Total (excl. LULUCF),All GHGs,Mt CO2 eq.,749.266424
Germany,DEU,2023,total,Sectors/Totals_excl,Total (excl. LULUCF),All GHGs,Mt CO2 eq.,669.57836
Germany,DEU,2024,total,Sectors/Totals_excl,Total (excl. LULUCF),All GHGs,Mt CO2 eq.,649.769518
Greece,GRC,2000,total,Sectors/Totals_excl,Total (excl. LULUCF),All GHGs,Mt CO2 eq.,126.65902
Greece,GRC,2001,total,Sectors/Totals_excl,Total (excl. LULUCF),All GHGs,Mt CO2 eq.,127.730542
Greece,GRC,2002,total,Sectors/Totals_excl,Total (excl. LULUCF),All GHGs,Mt CO2 eq.,127.718978
Greece,GRC,2003,total,Sectors/Totals_excl,Total (excl. LULUCF),All GHGs,Mt CO2 eq.,131.568916
Greece,GRC,2004,total,Sectors/Totals_excl,Total (excl. LULUCF),All GHGs,Mt CO2 eq.,132.214481
Greece,GRC,2005,total,Sectors/Totals_excl,Total (excl. LULUCF),All GHGs,Mt CO2 eq.,136.747411
Greece,GRC,2006,total,Sectors/Totals_excl,Total (excl. LULUCF),All GHGs,Mt CO2 eq.,133.269539
Greece,GRC,2007,total,Sectors/Totals_excl,Total (excl. LULUCF),All GHGs,Mt CO2 eq.,135.883065
Greece,GRC,2008,total,Sectors/Totals_excl,Total (excl. LULUCF),All GHGs,Mt CO2 eq.,132.518295
Greece,GRC,2009,total,Sectors/Totals_excl,Total (excl. LULUCF),All GHGs,Mt CO2 eq.,125.326041
Greece,GRC,2010,total,Sectors/Totals_excl,Total (excl. LULUCF),All GHGs,Mt CO2 eq.,119.233583
Greece,GRC,2011,total,Sectors/Totals_excl,Total (excl. LULUCF),All GHGs,Mt CO2 eq.,116.256968
Greece,GRC,2012,total,Sectors/Totals_excl,Total (excl. LULUCF),All GHGs,Mt CO2 eq.,113.009562
Greece,GRC,2013,total,Sectors/Totals_excl,Total (excl. LULUCF),All GHGs,Mt CO2 eq.,103.356446
Greece,GRC,2014,total,Sectors/Totals_excl,Total (excl. LULUCF),All GHGs,Mt CO2 eq.,99.941396
Greece,GRC,2015,total,Sectors/Totals_excl,Total (excl. LULUCF),All GHGs,Mt CO2 eq.,96.078307
Greece,GRC,2016,total,Sectors/Totals_excl,Total (excl. LULUCF),All GHGs,Mt CO2 eq.,92.402683
Greece,GRC,2017,total,Sectors/Totals_excl,Total (excl. LULUCF),All GHGs,Mt CO2 eq.,96.251837
Greece,GRC,2018,total,Sectors/Totals_excl,Total (excl. LULUCF),All GHGs,Mt CO2 eq.,93.017656
Greece,GRC,2019,total,Sectors/Totals_excl,Total (excl. LULUCF),All GHGs,Mt CO2 eq.,86.312067
Greece,GRC,2020,total,Sectors/Totals_excl,Total (excl. LULUCF),All GHGs,Mt CO2 eq.,75.821345
Greece,GRC,2021,total,Sectors/Totals_excl,Total (excl. LULUCF),All GHGs,Mt CO2 eq.,77.903673
Greece,GRC,2022,total,Sectors/Totals_excl,Total (excl. LULUCF),All GHGs,Mt CO2 eq.,77.584257
Greece,GRC,2023,total,Sectors/Totals_excl,Total (excl. LULUCF),All GHGs,Mt CO2 eq.,71.944252
Greece,GRC,2024,total,Sectors/Totals_excl,Total (excl. LULUCF),All GHGs,Mt CO2 eq.,73.281529
Hungary,HUN,2000,total,Sectors/Totals_excl,Total (excl. LULUCF),All GHGs,Mt CO2 eq.,75.355866
Hungary,HUN,2001,total,Sectors/Totals_excl,Total (excl. LULUCF),All GHGs,Mt CO2 eq.,77.197373
Hungary,HUN,2002,total,Sectors/Totals_excl,Total (excl. LULUCF),All GHGs,Mt CO2 eq.,75.604124
Hungary,HUN,2003,total,Sectors/Totals_excl,Total (excl. LULUCF),All GHGs,Mt CO2 eq.,78.584544
Hungary,HUN,2004,total,Sectors/Totals_excl,Total (excl. LULUCF),All GHGs,Mt CO2 eq.,77.476175
Hungary,HUN,2005,total,Sectors/Totals_excl,Total (excl. LULUCF),All GHGs,Mt CO2 eq.,77.384382
Hungary,HUN,2006,total,Sectors/Totals_excl,Total (excl. LULUCF),All GHGs,Mt CO2 eq.,75.893943
Hungary,HUN,2007,total,Sectors/Totals_excl,Total (excl. LULUCF),All GHGs,Mt CO2 eq.,74.216883
Hungary,HUN,2008,total,Sectors/Totals_excl,Total (excl. LULUCF),All GHGs,Mt CO2 eq.,72.169568
Hungary,HUN,2009,total,Sectors/Totals_excl,Total (excl. LULUCF),All GHGs,Mt CO2 eq.,66.169794
Hungary,HUN,2010,total,Sectors/Totals_excl,Total (excl. LULUCF),All GHGs,Mt CO2 eq.,66.814124
Hungary,HUN,2011,total,Sectors/Totals_excl,Total (excl. LULUCF),All GHGs,Mt CO2 eq.,65.156321
Hungary,HUN,2012,total,Sectors/Totals_excl,Total (excl. LULUCF),All GHGs,Mt CO2 eq.,61.88461
Hungary,HUN,2013,total,Sectors/Totals_excl,Total (excl. LULUCF),All GHGs,Mt CO2 eq.,58.88221
Hungary,HUN,2014,total,Sectors/Totals_excl,Total (excl. LULUCF),All GHGs,Mt CO2 eq.,59.238301
Hungary,HUN,2015,total,Sectors/Totals_excl,Total (excl. LULUCF),All GHGs,Mt CO2 eq.,62.443299
Hungary,HUN,2016,total,Sectors/Totals_excl,Total (excl. LULUCF),All GHGs,Mt CO2 eq.,63.080553
Hungary,HUN,2017,total,Sectors/Totals_excl,Total (excl. LULUCF),All GHGs,Mt CO2 eq.,65.294879
Hungary,HUN,2018,total,Sectors/Totals_excl,Total (excl. LULUCF),All GHGs,Mt CO2 eq.,65.27736
Hungary,HUN,2019,total,Sectors/Totals_excl,Total (excl. LULUCF),All GHGs,Mt CO2 eq.,65.049825
Hungary,HUN,2020,total,Sectors/Totals_excl,Total (excl. LULUCF),All GHGs,Mt CO2 eq.,63.033366
Hungary,HUN,2021,total,Sectors/Totals_excl,Total (excl. LULUCF),All GHGs,Mt CO2 eq.,63.839034
Hungary,HUN,2022,total,Sectors/Totals_excl,Total (excl. LULUCF),All GHGs,Mt CO2 eq.,59.631267
Hungary,HUN,2023,total,Sectors/Totals_excl,Total (excl. LULUCF),All GHGs,Mt CO2 eq.,54.240171
Hungary,HUN,2024,total,Sectors/Totals_excl,Total (excl. LULUCF),All GHGs,Mt CO2 eq.,53.659114
Iceland,ISL,2000,total,Sectors/Totals_excl,Total (excl. LULUCF),All GHGs,Mt CO2 eq.,4.167206
Iceland,ISL,2001,total,Sectors/Totals_excl,Total (excl. LULUCF),All GHGs,Mt CO2 eq.,4.065831
Iceland,ISL,2002,total,Sectors/Totals_excl,Total (excl. LULUCF),All GHGs,Mt CO2 eq.,4.140974
Iceland,ISL,2003,total,Sectors/Totals_excl,Total (excl. LULUCF),All GHGs,Mt CO2 eq.,4.115316
Iceland,ISL,2004,total,Sectors/Totals_excl,Total (excl. LULUCF),All GHGs,Mt CO2 eq.,4.239644
Iceland,ISL,2005,total,Sectors/Totals_excl,Total (excl. LULUCF),All GHGs,Mt CO2 eq.,4.099162
Iceland,ISL,2006,total,Sectors/Totals_excl,Total (excl. LULUCF),All GHGs,Mt CO2 eq.,4.658051
Iceland,ISL,2007,total,Sectors/Totals_excl,Total (excl. LULUCF),All GHGs,Mt CO2 eq.,4.965193
Iceland,ISL,2008,total,Sectors/Totals_excl,Total (excl. LULUCF),All GHGs,Mt CO2 eq.,5.345875
Iceland,ISL,2009,total,Sectors/Totals_excl,Total (excl. LULUCF),All GHGs,Mt CO2 eq.,5.04038
Iceland,ISL,2010,total,Sectors/Totals_excl,Total (excl. LULUCF),All GHGs,Mt CO2 eq.,4.943741
Iceland,ISL,2011,total,Sectors/Totals_excl,Total (excl. LULUCF),All GHGs,Mt CO2 eq.,4.730683
Iceland,ISL,2012,total,Sectors/Totals_excl,Total (excl. LULUCF),All GHGs,Mt CO2 eq.,4.725189
Iceland,ISL,2013,total,Sectors/Totals_excl,Total (excl. LULUCF),All GHGs,Mt CO2 eq.,4.728751
Iceland,ISL,2014,total,Sectors/Totals_excl,Total (excl. LULUCF),All GHGs,Mt CO2 eq.,4.750063
Iceland,ISL,2015,total,Sectors/Totals_excl,Total (excl. LULUCF),All GHGs,Mt CO2 eq.,4.820426
Iceland,ISL,2016,total,Sectors/Totals_excl,Total (excl. LULUCF),All GHGs,Mt CO2 eq.,4.778422
Iceland,ISL,2017,total,Sectors/Totals_excl,Total (excl. LULUCF),All GHGs,Mt CO2 eq.,4.861168
Iceland,ISL,2018,total,Sectors/Totals_excl,Total (excl. LULUCF),All GHGs,Mt CO2 eq.,4.925364
Iceland,ISL,2019,total,Sectors/Totals_excl,Total (excl. LULUCF),All GHGs,Mt CO2 eq.,4.78525
Iceland,ISL,2020,total,Sectors/Totals_excl,Total (excl. LULUCF),All GHGs,Mt CO2 eq.,4.579216
Iceland,ISL,2021,total,Sectors/Totals_excl,Total (excl. LULUCF),All GHGs,Mt CO2 eq.,4.718015
Iceland,ISL,2022,total,Sectors/Totals_excl,Total (excl. LULUCF),All GHGs,Mt CO2 eq.,4.776063
Iceland,ISL,2023,total,Sectors/Totals_excl,Total (excl. LULUCF),All GHGs,Mt CO2 eq.,4.644014
Iceland,ISL,2024,total,Sectors/Totals_excl,Total (excl. LULUCF),All GHGs,Mt CO2 eq.,4.779043
Ireland,IRL,2000,total,Sectors/Totals_excl,Total (excl. LULUCF),All GHGs,Mt CO2 eq.,68.998651
Ireland,IRL,2001,total,Sectors/Totals_excl,Total (excl. LULUCF),All GHGs,Mt CO2 eq.,70.981579
Ireland,IRL,2002,total,Sectors/Totals_excl,Total (excl. LULUCF),All GHGs,Mt CO2 eq.,69.05626
Ireland,IRL,2003,total,Sectors/Totals_excl,Total (excl. LULUCF),All GHGs,Mt CO2 eq.,69.468715
Ireland,IRL,2004,total,Sectors/Totals_excl,Total (excl. LULUCF),All GHGs,Mt CO2 eq.,68.767734
Ireland,IRL,2005,total,Sectors/Totals_excl,Total (excl. LULUCF),All GHGs,Mt CO2 eq.,70.151469
Ireland,IRL,2006,total,Sectors/Totals_excl,Total (excl. LULUCF),All GHGs,Mt CO2 eq.,69.266774
Ireland,IRL,2007,total,Sectors/Totals_excl,Total (excl. LULUCF),All GHGs,Mt CO2 eq.,68.627699
Ireland,IRL,2008,total,Sectors/Totals_excl,Total (excl. LULUCF),All GHGs,Mt CO2 eq.,67.869055
Ireland,IRL,2009,total,Sectors/Totals_excl,Total (excl. LULUCF),All GHGs,Mt CO2 eq.,62.10755
Ireland,IRL,2010,total,Sectors/Totals_excl,Total (excl. LULUCF),All GHGs,Mt CO2 eq.,61.734564
Ireland,IRL,2011,total,Sectors/Totals_excl,Total (excl. LULUCF),All GHGs,Mt CO2 eq.,57.76755
Ireland,IRL,2012,total,Sectors/Totals_excl,Total (excl. LULUCF),All GHGs,Mt CO2 eq.,58.291961
Ireland,IRL,2013,total,Sectors/Totals_excl,Total (excl. LULUCF),All GHGs,Mt CO2 eq.,57.945025
Ireland,IRL,2014,total,Sectors/Totals_excl,Total (excl. LULUCF),All GHGs,Mt CO2 eq.,58.011249
Ireland,IRL,2015,total,Sectors/Totals_excl,Total (excl. LULUCF),All GHGs,Mt CO2 eq.,60.357253
Ireland,IRL,2016,total,Sectors/Totals_excl,Total (excl. LULUCF),All GHGs,Mt CO2 eq.,62.674816
Ireland,IRL,2017,total,Sectors/Totals_excl,Total (excl. LULUCF),All GHGs,Mt CO2 eq.,61.934234
Ireland,IRL,2018,total,Sectors/Totals_excl,Total (excl. LULUCF),All GHGs,Mt CO2 eq.,61.596711
Ireland,IRL,2019,total,Sectors/Totals_excl,Total (excl. LULUCF),All GHGs,Mt CO2 eq.,59.796105
Ireland,IRL,2020,total,Sectors/Totals_excl,Total (excl. LULUCF),All GHGs,Mt CO2 eq.,57.640901
Ireland,IRL,2021,total,Sectors/Totals_excl,Total (excl. LULUCF),All GHGs,Mt CO2 eq.,60.236992
Ireland,IRL,2022,total,Sectors/Totals_excl,Total (excl. LULUCF),All GHGs,Mt CO2 eq.,59.01044
Ireland,IRL,2023,total,Sectors/Totals_excl,Total (excl. LULUCF),All GHGs,Mt CO2 eq.,54.992301
Ireland,IRL,2024,total,Sectors/Totals_excl,Total (excl. LULUCF),All GHGs,Mt CO2 eq.,53.930937
Italy,ITA,2000,total,Sectors/Totals_excl,Total (excl. LULUCF),All GHGs,Mt CO2 eq.,559.392579
Italy,ITA,2001,total,Sectors/Totals_excl,Total (excl. LULUCF),All GHGs,Mt CO2 eq.,561.389886
Italy,ITA,2002,total,Sectors/Totals_excl,Total (excl. LULUCF),All GHGs,Mt CO2 eq.,567.797688
Italy,ITA,2003,total,Sectors/Totals_excl,Total (excl. LULUCF),All GHGs,Mt CO2 eq.,587.432434
Italy,ITA,2004,total,Sectors/Totals_excl,Total (excl. LULUCF),All GHGs,Mt CO2 eq.,592.829134
Italy,ITA,2005,total,Sectors/Totals_excl,Total (excl. LULUCF),All GHGs,Mt CO2 eq.,593.768989
Italy,ITA,2006,total,Sectors/Totals_excl,Total (excl. LULUCF),All GHGs,Mt CO2 eq.,583.188694
Italy,ITA,2007,total,Sectors/Totals_excl,Total (excl. LULUCF),All GHGs,Mt CO2 eq.,577.570087
Italy,ITA,2008,total,Sectors/Totals_excl,Total (excl. LULUCF),All GHGs,Mt CO2 eq.,564.607441
Italy,ITA,2009,total,Sectors/Totals_excl,Total (excl. LULUCF),All GHGs,Mt CO2 eq.,509.32386
Italy,ITA,2010,total,Sectors/Totals_excl,Total (excl. LULUCF),All GHGs,Mt CO2 eq.,519.580728
Italy,ITA,2011,total,Sectors/Totals_excl,Total (excl. LULUCF),All GHGs,Mt CO2 eq.,506.580815
Italy,ITA,2012,total,Sectors/Totals_excl,Total (excl. LULUCF),All GHGs,Mt CO2 eq.,486.922938
Italy,ITA,2013,total,Sectors/Totals_excl,Total (excl. LULUCF),All GHGs,Mt CO2 eq.,450.51076
Italy,ITA,2014,total,Sectors/Totals_excl,Total (excl. LULUCF),All GHGs,Mt CO2 eq.,428.773953
Italy,ITA,2015,total,Sectors/Totals_excl,Total (excl. LULUCF),All GHGs,Mt CO2 eq.,438.515327
Italy,ITA,2016,total,Sectors/Totals_excl,Total (excl. LULUCF),All GHGs,Mt CO2 eq.,434.666131
Italy,ITA,2017,total,Sectors/Totals_excl,Total (excl. LULUCF),All GHGs,Mt CO2 eq.,427.960652
Italy,ITA,2018,total,Sectors/Totals_excl,Total (excl. LULUCF),All GHGs,Mt CO2 eq.,423.716285
Italy,ITA,2019,total,Sectors/Totals_excl,Total (excl. LULUCF),All GHGs,Mt CO2 eq.,411.749057
Italy,ITA,2020,total,Sectors/Totals_excl,Total (excl. LULUCF),All GHGs,Mt CO2 eq.,374.134121
Italy,ITA,2021,total,Sectors/Totals_excl,Total (excl. LULUCF),All GHGs,Mt CO2 eq.,406.26992
Italy,ITA,2022,total,Sectors/Totals_excl,Total (excl. LULUCF),All GHGs,Mt CO2 eq.,405.450731
Italy,ITA,2023,total,Sectors/Totals_excl,Total (excl. LULUCF),All GHGs,Mt CO2 eq.,377.139237
Italy,ITA,2024,total,Sectors/Totals_excl,Total (excl. LULUCF),All GHGs,Mt CO2 eq.,363.489798
Latvia,LVA,2000,total,Sectors/Totals_excl,Total (excl. LULUCF),All GHGs,Mt CO2 eq.,10.139346
Latvia,LVA,2001,total,Sectors/Totals_excl,Total (excl. LULUCF),All GHGs,Mt CO2 eq.,10.719237
Latvia,LVA,2002,total,Sectors/Totals_excl,Total (excl. LULUCF),All GHGs,Mt CO2 eq.,10.675989
Latvia,LVA,2003,total,Sectors/Totals_excl,Total (excl. LULUCF),All GHGs,Mt CO2 eq.,10.850185
Latvia,LVA,2004,total,Sectors/Totals_excl,Total (excl. LULUCF),All GHGs,Mt CO2 eq.,10.802271
Latvia,LVA,2005,total,Sectors/Totals_excl,Total (excl. LULUCF),All GHGs,Mt CO2 eq.,10.977533
Latvia,LVA,2006,total,Sectors/Totals_excl,Total (excl. LULUCF),All GHGs,Mt CO2 eq.,11.422737
Latvia,LVA,2007,total,Sectors/Totals_excl,Total (excl. LULUCF),All GHGs,Mt CO2 eq.,11.826005
Latvia,LVA,2008,total,Sectors/Totals_excl,Total (excl. LULUCF),All GHGs,Mt CO2 eq.,11.310059
Latvia,LVA,2009,total,Sectors/Totals_excl,Total (excl. LULUCF),All GHGs,Mt CO2 eq.,10.626014
Latvia,LVA,2010,total,Sectors/Totals_excl,Total (excl. LULUCF),All GHGs,Mt CO2 eq.,11.695676
Latvia,LVA,2011,total,Sectors/Totals_excl,Total (excl. LULUCF),All GHGs,Mt CO2 eq.,10.954148
Latvia,LVA,2012,total,Sectors/Totals_excl,Total (excl. LULUCF),All GHGs,Mt CO2 eq.,10.770605
Latvia,LVA,2013,total,Sectors/Totals_excl,Total (excl. LULUCF),All GHGs,Mt CO2 eq.,10.683724
Latvia,LVA,2014,total,Sectors/Totals_excl,Total (excl. LULUCF),All GHGs,Mt CO2 eq.,10.600008
Latvia,LVA,2015,total,Sectors/Totals_excl,Total (excl. LULUCF),All GHGs,Mt CO2 eq.,10.671678
Latvia,LVA,2016,total,Sectors/Totals_excl,Total (excl. LULUCF),All GHGs,Mt CO2 eq.,10.643573
Latvia,LVA,2017,total,Sectors/Totals_excl,Total (excl. LULUCF),All GHGs,Mt CO2 eq.,10.664815
Latvia,LVA,2018,total,Sectors/Totals_excl,Total (excl. LULUCF),All GHGs,Mt CO2 eq.,11.121999
Latvia,LVA,2019,total,Sectors/Totals_excl,Total (excl. LULUCF),All GHGs,Mt CO2 eq.,10.989506
Latvia,LVA,2020,total,Sectors/Totals_excl,Total (excl. LULUCF),All GHGs,Mt CO2 eq.,10.37485
Latvia,LVA,2021,total,Sectors/Totals_excl,Total (excl. LULUCF),All GHGs,Mt CO2 eq.,10.610021
Latvia,LVA,2022,total,Sectors/Totals_excl,Total (excl. LULUCF),All GHGs,Mt CO2 eq.,10.035198
Latvia,LVA,2023,total,Sectors/Totals_excl,Total (excl. LULUCF),All GHGs,Mt CO2 eq.,9.901123
Latvia,LVA,2024,total,Sectors/Totals_excl,Total (excl. LULUCF),All GHGs,Mt CO2 eq.,9.628493
Lithuania,LTU,2000,total,Sectors/Totals_excl,Total (excl. LULUCF),All GHGs,Mt CO2 eq.,18.908889
Lithuania,LTU,2001,total,Sectors/Totals_excl,Total (excl. LULUCF),All GHGs,Mt CO2 eq.,19.698656
Lithuania,LTU,2002,total,Sectors/Totals_excl,Total (excl. LULUCF),All GHGs,Mt CO2 eq.,20.058375
Lithuania,LTU,2003,total,Sectors/Totals_excl,Total (excl. LULUCF),All GHGs,Mt CO2 eq.,20.255868
Lithuania,LTU,2004,total,Sectors/Totals_excl,Total (excl. LULUCF),All GHGs,Mt CO2 eq.,21.061959
Lithuania,LTU,2005,total,Sectors/Totals_excl,Total (excl. LULUCF),All GHGs,Mt CO2 eq.,21.926007
Lithuania,LTU,2006,total,Sectors/Totals_excl,Total (excl. LULUCF),All GHGs,Mt CO2 eq.,22.256454
Lithuania,LTU,2007,total,Sectors/Totals_excl,Total (excl. LULUCF),All GHGs,Mt CO2 eq.,24.21473
Lithuania,LTU,2008,total,Sectors/Totals_excl,Total (excl. LULUCF),All GHGs,Mt CO2 eq.,23.318007
Lithuania,LTU,2009,total,Sectors/Totals_excl,Total (excl. LULUCF),All GHGs,Mt CO2 eq.,19.310159
Lithuania,LTU,2010,total,Sectors/Totals_excl,Total (excl. LULUCF),All GHGs,Mt CO2 eq.,20.245076
Lithuania,LTU,2011,total,Sectors/Totals_excl,Total (excl. LULUCF),All GHGs,Mt CO2 eq.,20.611483
Lithuania,LTU,2012,total,Sectors/Totals_excl,Total (excl. LULUCF),All GHGs,Mt CO2 eq.,20.589775
Lithuania,LTU,2013,total,Sectors/Totals_excl,Total (excl. LULUCF),All GHGs,Mt CO2 eq.,19.451793
Lithuania,LTU,2014,total,Sectors/Totals_excl,Total (excl. LULUCF),All GHGs,Mt CO2 eq.,19.350445
Lithuania,LTU,2015,total,Sectors/Totals_excl,Total (excl. LULUCF),All GHGs,Mt CO2 eq.,19.657464
Lithuania,LTU,2016,total,Sectors/Totals_excl,Total (excl. LULUCF),All GHGs,Mt CO2 eq.,19.708999
Lithuania,LTU,2017,total,Sectors/Totals_excl,Total (excl. LULUCF),All GHGs,Mt CO2 eq.,19.832156
Lithuania,LTU,2018,total,Sectors/Totals_excl,Total (excl. LULUCF),All GHGs,Mt CO2 eq.,19.470683
Lithuania,LTU,2019,total,Sectors/Totals_excl,Total (excl. LULUCF),All GHGs,Mt CO2 eq.,19.68127
Lithuania,LTU,2020,total,Sectors/Totals_excl,Total (excl. LULUCF),All GHGs,Mt CO2 eq.,19.51765
Lithuania,LTU,2021,total,Sectors/Totals_excl,Total (excl. LULUCF),All GHGs,Mt CO2 eq.,19.686109
Lithuania,LTU,2022,total,Sectors/Totals_excl,Total (excl. LULUCF),All GHGs,Mt CO2 eq.,18.399093
Lithuania,LTU,2023,total,Sectors/Totals_excl,Total (excl. LULUCF),All GHGs,Mt CO2 eq.,17.877148
Lithuania,LTU,2024,total,Sectors/Totals_excl,Total (excl. LULUCF),All GHGs,Mt CO2 eq.,18.307069
Luxembourg,LUX,2000,total,Sectors/Totals_excl,Total (excl. LULUCF),All GHGs,Mt CO2 eq.,9.639653
Luxembourg,LUX,2001,total,Sectors/Totals_excl,Total (excl. LULUCF),All GHGs,Mt CO2 eq.,10.149305
Luxembourg,LUX,2002,total,Sectors/Totals_excl,Total (excl. LULUCF),All GHGs,Mt CO2 eq.,10.926606
Luxembourg,LUX,2003,total,Sectors/Totals_excl,Total (excl. LULUCF),All GHGs,Mt CO2 eq.,11.383245
Luxembourg,LUX,2004,total,Sectors/Totals_excl,Total (excl. LULUCF),All GHGs,Mt CO2 eq.,12.756904
Luxembourg,LUX,2005,total,Sectors/Totals_excl,Total (excl. LULUCF),All GHGs,Mt CO2 eq.,13.011342
Luxembourg,LUX,2006,total,Sectors/Totals_excl,Total (excl. LULUCF),All GHGs,Mt CO2 eq.,12.844868
Luxembourg,LUX,2007,total,Sectors/Totals_excl,Total (excl. LULUCF),All GHGs,Mt CO2 eq.,12.257032
Luxembourg,LUX,2008,total,Sectors/Totals_excl,Total (excl. LULUCF),All GHGs,Mt CO2 eq.,12.144835
Luxembourg,LUX,2009,total,Sectors/Totals_excl,Total (excl. LULUCF),All GHGs,Mt CO2 eq.,11.597573
Luxembourg,LUX,2010,total,Sectors/Totals_excl,Total (excl. LULUCF),All GHGs,Mt CO2 eq.,12.189145
Luxembourg,LUX,2011,total,Sectors/Totals_excl,Total (excl. LULUCF),All GHGs,Mt CO2 eq.,12.070312
Luxembourg,LUX,2012,total,Sectors/Totals_excl,Total (excl. LULUCF),All GHGs,Mt CO2 eq.,11.833569
Luxembourg,LUX,2013,total,Sectors/Totals_excl,Total (excl. LULUCF),All GHGs,Mt CO2 eq.,11.317656
Luxembourg,LUX,2014,total,Sectors/Totals_excl,Total (excl. LULUCF),All GHGs,Mt CO2 eq.,10.828848
Luxembourg,LUX,2015,total,Sectors/Totals_excl,Total (excl. LULUCF),All GHGs,Mt CO2 eq.,10.374833
Luxembourg,LUX,2016,total,Sectors/Totals_excl,Total (excl. LULUCF),All GHGs,Mt CO2 eq.,10.15614
Luxembourg,LUX,2017,total,Sectors/Totals_excl,Total (excl. LULUCF),All GHGs,Mt CO2 eq.,10.34812
Luxembourg,LUX,2018,total,Sectors/Totals_excl,Total (excl. LULUCF),All GHGs,Mt CO2 eq.,10.689076
Luxembourg,LUX,2019,total,Sectors/Totals_excl,Total (excl. LULUCF),All GHGs,Mt CO2 eq.,10.884285
Luxembourg,LUX,2020,total,Sectors/Totals_excl,Total (excl. LULUCF),All GHGs,Mt CO2 eq.,9.164018
Luxembourg,LUX,2021,total,Sectors/Totals_excl,Total (excl. LULUCF),All GHGs,Mt CO2 eq.,9.502726
Luxembourg,LUX,2022,total,Sectors/Totals_excl,Total (excl. LULUCF),All GHGs,Mt CO2 eq.,8.27255
Luxembourg,LUX,2023,total,Sectors/Totals_excl,Total (excl. LULUCF),All GHGs,Mt CO2 eq.,7.813224
Luxembourg,LUX,2024,total,Sectors/Totals_excl,Total (excl. LULUCF),All GHGs,Mt CO2 eq.,7.496953
Malta,MLT,2000,total,Sectors/Totals_excl,Total (excl. LULUCF),All GHGs,Mt CO2 eq.,2.747314
Malta,MLT,2001,total,Sectors/Totals_excl,Total (excl. LULUCF),All GHGs,Mt CO2 eq.,3.023752
Malta,MLT,2002,total,Sectors/Totals_excl,Total (excl. LULUCF),All GHGs,Mt CO2 eq.,3.04445
Malta,MLT,2003,total,Sectors/Totals_excl,Total (excl. LULUCF),All GHGs,Mt CO2 eq.,3.267638
Malta,MLT,2004,total,Sectors/Totals_excl,Total (excl. LULUCF),All GHGs,Mt CO2 eq.,3.174047
Malta,MLT,2005,total,Sectors/Totals_excl,Total (excl. LULUCF),All GHGs,Mt CO2 eq.,2.987416
Malta,MLT,2006,total,Sectors/Totals_excl,Total (excl. LULUCF),All GHGs,Mt CO2 eq.,3.033506
Malta,MLT,2007,total,Sectors/Totals_excl,Total (excl. LULUCF),All GHGs,Mt CO2 eq.,3.124601
Malta,MLT,2008,total,Sectors/Totals_excl,Total (excl. LULUCF),All GHGs,Mt CO2 eq.,3.036749
Malta,MLT,2009,total,Sectors/Totals_excl,Total (excl. LULUCF),All GHGs,Mt CO2 eq.,2.903244
Malta,MLT,2010,total,Sectors/Totals_excl,Total (excl. LULUCF),All GHGs,Mt CO2 eq.,2.959328
Malta,MLT,2011,total,Sectors/Totals_excl,Total (excl. LULUCF),All GHGs,Mt CO2 eq.,2.964419
Malta,MLT,2012,total,Sectors/Totals_excl,Total (excl. LULUCF),All GHGs,Mt CO2 eq.,3.134903
Malta,MLT,2013,total,Sectors/Totals_excl,Total (excl. LULUCF),All GHGs,Mt CO2 eq.,2.825827
Malta,MLT,2014,total,Sectors/Totals_excl,Total (excl. LULUCF),All GHGs,Mt CO2 eq.,2.835872
Malta,MLT,2015,total,Sectors/Totals_excl,Total (excl. LULUCF),All GHGs,Mt CO2 eq.,2.13558
Malta,MLT,2016,total,Sectors/Totals_excl,Total (excl. LULUCF),All GHGs,Mt CO2 eq.,1.839745
Malta,MLT,2017,total,Sectors/Totals_excl,Total (excl. LULUCF),All GHGs,Mt CO2 eq.,2.004127
Malta,MLT,2018,total,Sectors/Totals_excl,Total (excl. LULUCF),All GHGs,Mt CO2 eq.,2.0084
Malta,MLT,2019,total,Sectors/Totals_excl,Total (excl. LULUCF),All GHGs,Mt CO2 eq.,2.117557
Malta,MLT,2020,total,Sectors/Totals_excl,Total (excl. LULUCF),All GHGs,Mt CO2 eq.,2.080018
Malta,MLT,2021,total,Sectors/Totals_excl,Total (excl. LULUCF),All GHGs,Mt CO2 eq.,2.094577
Malta,MLT,2022,total,Sectors/Totals_excl,Total (excl. LULUCF),All GHGs,Mt CO2 eq.,2.25579
Malta,MLT,2023,total,Sectors/Totals_excl,Total (excl. LULUCF),All GHGs,Mt CO2 eq.,2.207342
Malta,MLT,2024,total,Sectors/Totals_excl,Total (excl. LULUCF),All GHGs,Mt CO2 eq.,2.170211
Netherlands,NLD,2000,total,Sectors/Totals_excl,Total (excl. LULUCF),All GHGs,Mt CO2 eq.,219.861862
Netherlands,NLD,2001,total,Sectors/Totals_excl,Total (excl. LULUCF),All GHGs,Mt CO2 eq.,220.939882
Netherlands,NLD,2002,total,Sectors/Totals_excl,Total (excl. LULUCF),All GHGs,Mt CO2 eq.,218.665046
Netherlands,NLD,2003,total,Sectors/Totals_excl,Total (excl. LULUCF),All GHGs,Mt CO2 eq.,219.394846
Netherlands,NLD,2004,total,Sectors/Totals_excl,Total (excl. LULUCF),All GHGs,Mt CO2 eq.,220.87418
Netherlands,NLD,2005,total,Sectors/Totals_excl,Total (excl. LULUCF),All GHGs,Mt CO2 eq.,215.132533
Netherlands,NLD,2006,total,Sectors/Totals_excl,Total (excl. LULUCF),All GHGs,Mt CO2 eq.,210.037981
Netherlands,NLD,2007,total,Sectors/Totals_excl,Total (excl. LULUCF),All GHGs,Mt CO2 eq.,208.663997
Netherlands,NLD,2008,total,Sectors/Totals_excl,Total (excl. LULUCF),All GHGs,Mt CO2 eq.,208.558746
Netherlands,NLD,2009,total,Sectors/Totals_excl,Total (excl. LULUCF),All GHGs,Mt CO2 eq.,202.986958
Netherlands,NLD,2010,total,Sectors/Totals_excl,Total (excl. LULUCF),All GHGs,Mt CO2 eq.,215.000934
Netherlands,NLD,2011,total,Sectors/Totals_excl,Total (excl. LULUCF),All GHGs,Mt CO2 eq.,200.833228
Netherlands,NLD,2012,total,Sectors/Totals_excl,Total (excl. LULUCF),All GHGs,Mt CO2 eq.,196.567416
Netherlands,NLD,2013,total,Sectors/Totals_excl,Total (excl. LULUCF),All GHGs,Mt CO2 eq.,196.201025
Netherlands,NLD,2014,total,Sectors/Totals_excl,Total (excl. LULUCF),All GHGs,Mt CO2 eq.,187.978948
Netherlands,NLD,2015,total,Sectors/Totals_excl,Total (excl. LULUCF),All GHGs,Mt CO2 eq.,194.729929
Netherlands,NLD,2016,total,Sectors/Totals_excl,Total (excl. LULUCF),All GHGs,Mt CO2 eq.,195.268842
Netherlands,NLD,2017,total,Sectors/Totals_excl,Total (excl. LULUCF),All GHGs,Mt CO2 eq.,192.579478
Netherlands,NLD,2018,total,Sectors/Totals_excl,Total (excl. LULUCF),All GHGs,Mt CO2 eq.,187.42108
Netherlands,NLD,2019,total,Sectors/Totals_excl,Total (excl. LULUCF),All GHGs,Mt CO2 eq.,181.636358
Netherlands,NLD,2020,total,Sectors/Totals_excl,Total (excl. LULUCF),All GHGs,Mt CO2 eq.,165.056707
Netherlands,NLD,2021,total,Sectors/Totals_excl,Total (excl. LULUCF),All GHGs,Mt CO2 eq.,167.711749
Netherlands,NLD,2022,total,Sectors/Totals_excl,Total (excl. LULUCF),All GHGs,Mt CO2 eq.,153.045334
Netherlands,NLD,2023,total,Sectors/Totals_excl,Total (excl. LULUCF),All GHGs,Mt CO2 eq.,142.80407
Netherlands,NLD,2024,total,Sectors/Totals_excl,Total (excl. LULUCF),All GHGs,Mt CO2 eq.,140.694983
Norway,NOR,2000,total,Sectors/Totals_excl,Total (excl. LULUCF),All GHGs,Mt CO2 eq.,54.931035
Norway,NOR,2001,total,Sectors/Totals_excl,Total (excl. LULUCF),All GHGs,Mt CO2 eq.,56.180846
Norway,NOR,2002,total,Sectors/Totals_excl,Total (excl. LULUCF),All GHGs,Mt CO2 eq.,54.874303
Norway,NOR,2003,total,Sectors/Totals_excl,Total (excl. LULUCF),All GHGs,Mt CO2 eq.,55.484353
Norway,NOR,2004,total,Sectors/Totals_excl,Total (excl. LULUCF),All GHGs,Mt CO2 eq.,55.87591
Norway,NOR,2005,total,Sectors/Totals_excl,Total (excl. LULUCF),All GHGs,Mt CO2 eq.,54.744669
Norway,NOR,2006,total,Sectors/Totals_excl,Total (excl. LULUCF),All GHGs,Mt CO2 eq.,54.72937
Norway,NOR,2007,total,Sectors/Totals_excl,Total (excl. LULUCF),All GHGs,Mt CO2 eq.,56.414789
Norway,NOR,2008,total,Sectors/Totals_excl,Total (excl. LULUCF),All GHGs,Mt CO2 eq.,54.895769
Norway,NOR,2009,total,Sectors/Totals_excl,Total (excl. LULUCF),All GHGs,Mt CO2 eq.,52.400503
Norway,NOR,2010,total,Sectors/Totals_excl,Total (excl. LULUCF),All GHGs,Mt CO2 eq.,54.712836
Norway,NOR,2011,total,Sectors/Totals_excl,Total (excl. LULUCF),All GHGs,Mt CO2 eq.,53.70421
Norway,NOR,2012,total,Sectors/Totals_excl,Total (excl. LULUCF),All GHGs,Mt CO2 eq.,53.117535
Norway,NOR,2013,total,Sectors/Totals_excl,Total (excl. LULUCF),All GHGs,Mt CO2 eq.,53.333948
Norway,NOR,2014,total,Sectors/Totals_excl,Total (excl. LULUCF),All GHGs,Mt CO2 eq.,53.739276
Norway,NOR,2015,total,Sectors/Totals_excl,Total (excl. LULUCF),All GHGs,Mt CO2 eq.,54.282426
Norway,NOR,2016,total,Sectors/Totals_excl,Total (excl. LULUCF),All GHGs,Mt CO2 eq.,53.394369
Norway,NOR,2017,total,Sectors/Totals_excl,Total (excl. LULUCF),All GHGs,Mt CO2 eq.,52.67578
Norway,NOR,2018,total,Sectors/Totals_excl,Total (excl. LULUCF),All GHGs,Mt CO2 eq.,52.839363
Norway,NOR,2019,total,Sectors/Totals_excl,Total (excl. LULUCF),All GHGs,Mt CO2 eq.,51.086052
Norway,NOR,2020,total,Sectors/Totals_excl,Total (excl. LULUCF),All GHGs,Mt CO2 eq.,49.372531
Norway,NOR,2021,total,Sectors/Totals_excl,Total (excl. LULUCF),All GHGs,Mt CO2 eq.,49.177315
Norway,NOR,2022,total,Sectors/Totals_excl,Total (excl. LULUCF),All GHGs,Mt CO2 eq.,48.824601
Norway,NOR,2023,total,Sectors/Totals_excl,Total (excl. LULUCF),All GHGs,Mt CO2 eq.,46.552139
Norway,NOR,2024,total,Sectors/Totals_excl,Total (excl. LULUCF),All GHGs,Mt CO2 eq.,44.626098
Poland,POL,2000,total,Sectors/Totals_excl,Total (excl. LULUCF),All GHGs,Mt CO2 eq.,393.604576
Poland,POL,2001,total,Sectors/Totals_excl,Total (excl. LULUCF),All GHGs,Mt CO2 eq.,389.883278
Poland,POL,2002,total,Sectors/Totals_excl,Total (excl. LULUCF),All GHGs,Mt CO2 eq.,381.062964
Poland,POL,2003,total,Sectors/Totals_excl,Total (excl. LULUCF),All GHGs,Mt CO2 eq.,394.08335
Poland,POL,2004,total,Sectors/Totals_excl,Total (excl. LULUCF),All GHGs,Mt CO2 eq.,399.40169
Poland,POL,2005,total,Sectors/Totals_excl,Total (excl. LULUCF),All GHGs,Mt CO2 eq.,399.418573
Poland,POL,2006,total,Sectors/Totals_excl,Total (excl. LULUCF),All GHGs,Mt CO2 eq.,414.256046
Poland,POL,2007,total,Sectors/Totals_excl,Total (excl. LULUCF),All GHGs,Mt CO2 eq.,413.460433
Poland,POL,2008,total,Sectors/Totals_excl,Total (excl. LULUCF),All GHGs,Mt CO2 eq.,406.372548
Poland,POL,2009,total,Sectors/Totals_excl,Total (excl. LULUCF),All GHGs,Mt CO2 eq.,388.14475
Poland,POL,2010,total,Sectors/Totals_excl,Total (excl. LULUCF),All GHGs,Mt CO2 eq.,405.057249
Poland,POL,2011,total,Sectors/Totals_excl,Total (excl. LULUCF),All GHGs,Mt CO2 eq.,403.691681
Poland,POL,2012,total,Sectors/Totals_excl,Total (excl. LULUCF),All GHGs,Mt CO2 eq.,396.118698
Poland,POL,2013,total,Sectors/Totals_excl,Total (excl. LULUCF),All GHGs,Mt CO2 eq.,391.839497
Poland,POL,2014,total,Sectors/Totals_excl,Total (excl. LULUCF),All GHGs,Mt CO2 eq.,379.252129
Poland,POL,2015,total,Sectors/Totals_excl,Total (excl. LULUCF),All GHGs,Mt CO2 eq.,381.835117
Poland,POL,2016,total,Sectors/Totals_excl,Total (excl. LULUCF),All GHGs,Mt CO2 eq.,392.565313
Poland,POL,2017,total,Sectors/Totals_excl,Total (excl. LULUCF),All GHGs,Mt CO2 eq.,406.974549
Poland,POL,2018,total,Sectors/Totals_excl,Total (excl. LULUCF),All GHGs,Mt CO2 eq.,406.848346
Poland,POL,2019,total,Sectors/Totals_excl,Total (excl. LULUCF),All GHGs,Mt CO2 eq.,384.524028
Poland,POL,2020,total,Sectors/Totals_excl,Total (excl. LULUCF),All GHGs,Mt CO2 eq.,369.414496
Poland,POL,2021,total,Sectors/Totals_excl,Total (excl. LULUCF),All GHGs,Mt CO2 eq.,397.61295
Poland,POL,2022,total,Sectors/Totals_excl,Total (excl. LULUCF),All GHGs,Mt CO2 eq.,379.187449
Poland,POL,2023,total,Sectors/Totals_excl,Total (excl. LULUCF),All GHGs,Mt CO2 eq.,347.30754
Poland,POL,2024,total,Sectors/Totals_excl,Total (excl. LULUCF),All GHGs,Mt CO2 eq.,341.033714
Portugal,PRT,2000,total,Sectors/Totals_excl,Total (excl. LULUCF),All GHGs,Mt CO2 eq.,82.09961
Portugal,PRT,2001,total,Sectors/Totals_excl,Total (excl. LULUCF),All GHGs,Mt CO2 eq.,81.74724
Portugal,PRT,2002,total,Sectors/Totals_excl,Total (excl. LULUCF),All GHGs,Mt CO2 eq.,86.10917
Portugal,PRT,2003,total,Sectors/Totals_excl,Total (excl. LULUCF),All GHGs,Mt CO2 eq.,80.972516
Portugal,PRT,2004,total,Sectors/Totals_excl,Total (excl. LULUCF),All GHGs,Mt CO2 eq.,84.141678
Portugal,PRT,2005,total,Sectors/Totals_excl,Total (excl. LULUCF),All GHGs,Mt CO2 eq.,85.989646
Portugal,PRT,2006,total,Sectors/Totals_excl,Total (excl. LULUCF),All GHGs,Mt CO2 eq.,81.131212
Portugal,PRT,2007,total,Sectors/Totals_excl,Total (excl. LULUCF),All GHGs,Mt CO2 eq.,78.81531
Portugal,PRT,2008,total,Sectors/Totals_excl,Total (excl. LULUCF),All GHGs,Mt CO2 eq.,76.312709
Portugal,PRT,2009,total,Sectors/Totals_excl,Total (excl. LULUCF),All GHGs,Mt CO2 eq.,73.228296
Portugal,PRT,2010,total,Sectors/Totals_excl,Total (excl. LULUCF),All GHGs,Mt CO2 eq.,68.887667
Portugal,PRT,2011,total,Sectors/Totals_excl,Total (excl. LULUCF),All GHGs,Mt CO2 eq.,67.451802
Portugal,PRT,2012,total,Sectors/Totals_excl,Total (excl. LULUCF),All GHGs,Mt CO2 eq.,65.320747
Portugal,PRT,2013,total,Sectors/Totals_excl,Total (excl. LULUCF),All GHGs,Mt CO2 eq.,63.425131
Portugal,PRT,2014,total,Sectors/Totals_excl,Total (excl. LULUCF),All GHGs,Mt CO2 eq.,63.25547
Portugal,PRT,2015,total,Sectors/Totals_excl,Total (excl. LULUCF),All GHGs,Mt CO2 eq.,67.472931
Portugal,PRT,2016,total,Sectors/Totals_excl,Total (excl. LULUCF),All GHGs,Mt CO2 eq.,65.629268
Portugal,PRT,2017,total,Sectors/Totals_excl,Total (excl. LULUCF),All GHGs,Mt CO2 eq.,70.750478
Portugal,PRT,2018,total,Sectors/Totals_excl,Total (excl. LULUCF),All GHGs,Mt CO2 eq.,67.016713
Portugal,PRT,2019,total,Sectors/Totals_excl,Total (excl. LULUCF),All GHGs,Mt CO2 eq.,63.454514
Portugal,PRT,2020,total,Sectors/Totals_excl,Total (excl. LULUCF),All GHGs,Mt CO2 eq.,57.331023
Portugal,PRT,2021,total,Sectors/Totals_excl,Total (excl. LULUCF),All GHGs,Mt CO2 eq.,55.955202
Portugal,PRT,2022,total,Sectors/Totals_excl,Total (excl. LULUCF),All GHGs,Mt CO2 eq.,56.13599
Portugal,PRT,2023,total,Sectors/Totals_excl,Total (excl. LULUCF),All GHGs,Mt CO2 eq.,53.08619
Portugal,PRT,2024,total,Sectors/Totals_excl,Total (excl. LULUCF),All GHGs,Mt CO2 eq.,51.507093
Romania,ROU,2000,total,Sectors/Totals_excl,Total (excl. LULUCF),All GHGs,Mt CO2 eq.,134.125607
Romania,ROU,2001,total,Sectors/Totals_excl,Total (excl. LULUCF),All GHGs,Mt CO2 eq.,138.775051
Romania,ROU,2002,total,Sectors/Totals_excl,Total (excl. LULUCF),All GHGs,Mt CO2 eq.,139.474945
Romania,ROU,2003,total,Sectors/Totals_excl,Total (excl. LULUCF),All GHGs,Mt CO2 eq.,144.777297
Romania,ROU,2004,total,Sectors/Totals_excl,Total (excl. LULUCF),All GHGs,Mt CO2 eq.,143.523261
Romania,ROU,2005,total,Sectors/Totals_excl,Total (excl. LULUCF),All GHGs,Mt CO2 eq.,141.905636
Romania,ROU,2006,total,Sectors/Totals_excl,Total (excl. LULUCF),All GHGs,Mt CO2 eq.,143.968108
Romania,ROU,2007,total,Sectors/Totals_excl,Total (excl. LULUCF),All GHGs,Mt CO2 eq.,142.251125
Romania,ROU,2008,total,Sectors/Totals_excl,Total (excl. LULUCF),All GHGs,Mt CO2 eq.,136.381043
Romania,ROU,2009,total,Sectors/Totals_excl,Total (excl. LULUCF),All GHGs,Mt CO2 eq.,126.141006
Romania,ROU,2010,total,Sectors/Totals_excl,Total (excl. LULUCF),All GHGs,Mt CO2 eq.,114.106181
Romania,ROU,2011,total,Sectors/Totals_excl,Total (excl. LULUCF),All GHGs,Mt CO2 eq.,118.39054
Romania,ROU,2012,total,Sectors/Totals_excl,Total (excl. LULUCF),All GHGs,Mt CO2 eq.,116.309661
Romania,ROU,2013,total,Sectors/Totals_excl,Total (excl. LULUCF),All GHGs,Mt CO2 eq.,106.467659
Romania,ROU,2014,total,Sectors/Totals_excl,Total (excl. LULUCF),All GHGs,Mt CO2 eq.,106.303845
Romania,ROU,2015,total,Sectors/Totals_excl,Total (excl. LULUCF),All GHGs,Mt CO2 eq.,106.704491
Romania,ROU,2016,total,Sectors/Totals_excl,Total (excl. LULUCF),All GHGs,Mt CO2 eq.,104.944618
Romania,ROU,2017,total,Sectors/Totals_excl,Total (excl. LULUCF),All GHGs,Mt CO2 eq.,108.37728
Romania,ROU,2018,total,Sectors/Totals_excl,Total (excl. LULUCF),All GHGs,Mt CO2 eq.,109.125184
Romania,ROU,2019,total,Sectors/Totals_excl,Total (excl. LULUCF),All GHGs,Mt CO2 eq.,105.713499
Romania,ROU,2020,total,Sectors/Totals_excl,Total (excl. LULUCF),All GHGs,Mt CO2 eq.,100.84672
Romania,ROU,2021,total,Sectors/Totals_excl,Total (excl. LULUCF),All GHGs,Mt CO2 eq.,105.550916
Romania,ROU,2022,total,Sectors/Totals_excl,Total (excl. LULUCF),All GHGs,Mt CO2 eq.,100.165418
Romania,ROU,2023,total,Sectors/Totals_excl,Total (excl. LULUCF),All GHGs,Mt CO2 eq.,95.762851
Romania,ROU,2024,total,Sectors/Totals_excl,Total (excl. LULUCF),All GHGs,Mt CO2 eq.,95.58778
Slovakia,SVK,2000,total,Sectors/Totals_excl,Total (excl. LULUCF),All GHGs,Mt CO2 eq.,50.293379
Slovakia,SVK,2001,total,Sectors/Totals_excl,Total (excl. LULUCF),All GHGs,Mt CO2 eq.,52.552223
Slovakia,SVK,2002,total,Sectors/Totals_excl,Total (excl. LULUCF),All GHGs,Mt CO2 eq.,51.284871
Slovakia,SVK,2003,total,Sectors/Totals_excl,Total (excl. LULUCF),All GHGs,Mt CO2 eq.,51.415793
Slovakia,SVK,2004,total,Sectors/Totals_excl,Total (excl. LULUCF),All GHGs,Mt CO2 eq.,52.060994
Slovakia,SVK,2005,total,Sectors/Totals_excl,Total (excl. LULUCF),All GHGs,Mt CO2 eq.,52.064814
Slovakia,SVK,2006,total,Sectors/Totals_excl,Total (excl. LULUCF),All GHGs,Mt CO2 eq.,51.594101
Slovakia,SVK,2007,total,Sectors/Totals_excl,Total (excl. LULUCF),All GHGs,Mt CO2 eq.,49.716176
Slovakia,SVK,2008,total,Sectors/Totals_excl,Total (excl. LULUCF),All GHGs,Mt CO2 eq.,50.267642
Slovakia,SVK,2009,total,Sectors/Totals_excl,Total (excl. LULUCF),All GHGs,Mt CO2 eq.,45.930742
Slovakia,SVK,2010,total,Sectors/Totals_excl,Total (excl. LULUCF),All GHGs,Mt CO2 eq.,47.138026
Slovakia,SVK,2011,total,Sectors/Totals_excl,Total (excl. LULUCF),All GHGs,Mt CO2 eq.,45.581506
Slovakia,SVK,2012,total,Sectors/Totals_excl,Total (excl. LULUCF),All GHGs,Mt CO2 eq.,43.166601
Slovakia,SVK,2013,total,Sectors/Totals_excl,Total (excl. LULUCF),All GHGs,Mt CO2 eq.,43.091793
Slovakia,SVK,2014,total,Sectors/Totals_excl,Total (excl. LULUCF),All GHGs,Mt CO2 eq.,41.094519
Slovakia,SVK,2015,total,Sectors/Totals_excl,Total (excl. LULUCF),All GHGs,Mt CO2 eq.,41.431015
Slovakia,SVK,2016,total,Sectors/Totals_excl,Total (excl. LULUCF),All GHGs,Mt CO2 eq.,42.254445
Slovakia,SVK,2017,total,Sectors/Totals_excl,Total (excl. LULUCF),All GHGs,Mt CO2 eq.,43.237638
Slovakia,SVK,2018,total,Sectors/Totals_excl,Total (excl. LULUCF),All GHGs,Mt CO2 eq.,42.865233
Slovakia,SVK,2019,total,Sectors/Totals_excl,Total (excl. LULUCF),All GHGs,Mt CO2 eq.,40.438604
Slovakia,SVK,2020,total,Sectors/Totals_excl,Total (excl. LULUCF),All GHGs,Mt CO2 eq.,37.67744
Slovakia,SVK,2021,total,Sectors/Totals_excl,Total (excl. LULUCF),All GHGs,Mt CO2 eq.,41.384468
Slovakia,SVK,2022,total,Sectors/Totals_excl,Total (excl. LULUCF),All GHGs,Mt CO2 eq.,37.155488
Slovakia,SVK,2023,total,Sectors/Totals_excl,Total (excl. LULUCF),All GHGs,Mt CO2 eq.,36.654845
Slovakia,SVK,2024,total,Sectors/Totals_excl,Total (excl. LULUCF),All GHGs,Mt CO2 eq.,33.918027
Slovenia,SVN,2000,total,Sectors/Totals_excl,Total (excl. LULUCF),All GHGs,Mt CO2 eq.,18.786112
Slovenia,SVN,2001,total,Sectors/Totals_excl,Total (excl. LULUCF),All GHGs,Mt CO2 eq.,20.055053
Slovenia,SVN,2002,total,Sectors/Totals_excl,Total (excl. LULUCF),All GHGs,Mt CO2 eq.,20.328964
Slovenia,SVN,2003,total,Sectors/Totals_excl,Total (excl. LULUCF),All GHGs,Mt CO2 eq.,19.996351
Slovenia,SVN,2004,total,Sectors/Totals_excl,Total (excl. LULUCF),All GHGs,Mt CO2 eq.,20.392441
Slovenia,SVN,2005,total,Sectors/Totals_excl,Total (excl. LULUCF),All GHGs,Mt CO2 eq.,20.645124
Slovenia,SVN,2006,total,Sectors/Totals_excl,Total (excl. LULUCF),All GHGs,Mt CO2 eq.,20.817817
Slovenia,SVN,2007,total,Sectors/Totals_excl,Total (excl. LULUCF),All GHGs,Mt CO2 eq.,20.998564
Slovenia,SVN,2008,total,Sectors/Totals_excl,Total (excl. LULUCF),All GHGs,Mt CO2 eq.,21.717822
Slovenia,SVN,2009,total,Sectors/Totals_excl,Total (excl. LULUCF),All GHGs,Mt CO2 eq.,19.548581
Slovenia,SVN,2010,total,Sectors/Totals_excl,Total (excl. LULUCF),All GHGs,Mt CO2 eq.,19.77331
Slovenia,SVN,2011,total,Sectors/Totals_excl,Total (excl. LULUCF),All GHGs,Mt CO2 eq.,19.695231
Slovenia,SVN,2012,total,Sectors/Totals_excl,Total (excl. LULUCF),All GHGs,Mt CO2 eq.,19.062046
Slovenia,SVN,2013,total,Sectors/Totals_excl,Total (excl. LULUCF),All GHGs,Mt CO2 eq.,18.360926
Slovenia,SVN,2014,total,Sectors/Totals_excl,Total (excl. LULUCF),All GHGs,Mt CO2 eq.,16.703295
Slovenia,SVN,2015,total,Sectors/Totals_excl,Total (excl. LULUCF),All GHGs,Mt CO2 eq.,16.900644
Slovenia,SVN,2016,total,Sectors/Totals_excl,Total (excl. LULUCF),All GHGs,Mt CO2 eq.,17.798044
Slovenia,SVN,2017,total,Sectors/Totals_excl,Total (excl. LULUCF),All GHGs,Mt CO2 eq.,17.896274
Slovenia,SVN,2018,total,Sectors/Totals_excl,Total (excl. LULUCF),All GHGs,Mt CO2 eq.,17.744899
Slovenia,SVN,2019,total,Sectors/Totals_excl,Total (excl. LULUCF),All GHGs,Mt CO2 eq.,17.235209
Slovenia,SVN,2020,total,Sectors/Totals_excl,Total (excl. LULUCF),All GHGs,Mt CO2 eq.,15.994532
Slovenia,SVN,2021,total,Sectors/Totals_excl,Total (excl. LULUCF),All GHGs,Mt CO2 eq.,16.149772
Slovenia,SVN,2022,total,Sectors/Totals_excl,Total (excl. LULUCF),All GHGs,Mt CO2 eq.,15.65504
Slovenia,SVN,2023,total,Sectors/Totals_excl,Total (excl. LULUCF),All GHGs,Mt CO2 eq.,14.870193
Slovenia,SVN,2024,total,Sectors/Totals_excl,Total (excl. LULUCF),All GHGs,Mt CO2 eq.,15.483806
Spain,ESP,2000,total,Sectors/Totals_excl,Total (excl. LULUCF),All GHGs,Mt CO2 eq.,384.036625
Spain,ESP,2001,total,Sectors/Totals_excl,Total (excl. LULUCF),All GHGs,Mt CO2 eq.,383.05837
Spain,ESP,2002,total,Sectors/Totals_excl,Total (excl. LULUCF),All GHGs,Mt CO2 eq.,401.645892
Spain,ESP,2003,total,Sectors/Totals_excl,Total (excl. LULUCF),All GHGs,Mt CO2 eq.,408.962239
Spain,ESP,2004,total,Sectors/Totals_excl,Total (excl. LULUCF),All GHGs,Mt CO2 eq.,424.761776
Spain,ESP,2005,total,Sectors/Totals_excl,Total (excl. LULUCF),All GHGs,Mt CO2 eq.,439.883284
Spain,ESP,2006,total,Sectors/Totals_excl,Total (excl. LULUCF),All GHGs,Mt CO2 eq.,433.918648
Spain,ESP,2007,total,Sectors/Totals_excl,Total (excl. LULUCF),All GHGs,Mt CO2 eq.,444.090222
Spain,ESP,2008,total,Sectors/Totals_excl,Total (excl. LULUCF),All GHGs,Mt CO2 eq.,411.008422
Spain,ESP,2009,total,Sectors/Totals_excl,Total (excl. LULUCF),All GHGs,Mt CO2 eq.,372.450511
Spain,ESP,2010,total,Sectors/Totals_excl,Total (excl. LULUCF),All GHGs,Mt CO2 eq.,357.443873
Spain,ESP,2011,total,Sectors/Totals_excl,Total (excl. LULUCF),All GHGs,Mt CO2 eq.,355.847296
Spain,ESP,2012,total,Sectors/Totals_excl,Total (excl. LULUCF),All GHGs,Mt CO2 eq.,347.734436
Spain,ESP,2013,total,Sectors/Totals_excl,Total (excl. LULUCF),All GHGs,Mt CO2 eq.,321.169579
Spain,ESP,2014,total,Sectors/Totals_excl,Total (excl. LULUCF),All GHGs,Mt CO2 eq.,320.939515
Spain,ESP,2015,total,Sectors/Totals_excl,Total (excl. LULUCF),All GHGs,Mt CO2 eq.,332.237396
Spain,ESP,2016,total,Sectors/Totals_excl,Total (excl. LULUCF),All GHGs,Mt CO2 eq.,320.970868
Spain,ESP,2017,total,Sectors/Totals_excl,Total (excl. LULUCF),All GHGs,Mt CO2 eq.,334.151794
Spain,ESP,2018,total,Sectors/Totals_excl,Total (excl. LULUCF),All GHGs,Mt CO2 eq.,328.702288
Spain,ESP,2019,total,Sectors/Totals_excl,Total (excl. LULUCF),All GHGs,Mt CO2 eq.,310.260866
Spain,ESP,2020,total,Sectors/Totals_excl,Total (excl. LULUCF),All GHGs,Mt CO2 eq.,271.714873
Spain,ESP,2021,total,Sectors/Totals_excl,Total (excl. LULUCF),All GHGs,Mt CO2 eq.,288.519568
Spain,ESP,2022,total,Sectors/Totals_excl,Total (excl. LULUCF),All GHGs,Mt CO2 eq.,292.349954
Spain,ESP,2023,total,Sectors/Totals_excl,Total (excl. LULUCF),All GHGs,Mt CO2 eq.,269.968942
Spain,ESP,2024,total,Sectors/Totals_excl,Total (excl. LULUCF),All GHGs,Mt CO2 eq.,267.707365
Sweden,SWE,2000,total,Sectors/Totals_excl,Total (excl. LULUCF),All GHGs,Mt CO2 eq.,68.101736
Sweden,SWE,2001,total,Sectors/Totals_excl,Total (excl. LULUCF),All GHGs,Mt CO2 eq.,68.870136
Sweden,SWE,2002,total,Sectors/Totals_excl,Total (excl. LULUCF),All GHGs,Mt CO2 eq.,69.487768
Sweden,SWE,2003,total,Sectors/Totals_excl,Total (excl. LULUCF),All GHGs,Mt CO2 eq.,69.819668
Sweden,SWE,2004,total,Sectors/Totals_excl,Total (excl. LULUCF),All GHGs,Mt CO2 eq.,69.159324
Sweden,SWE,2005,total,Sectors/Totals_excl,Total (excl. LULUCF),All GHGs,Mt CO2 eq.,66.252029
Sweden,SWE,2006,total,Sectors/Totals_excl,Total (excl. LULUCF),All GHGs,Mt CO2 eq.,65.899459
Sweden,SWE,2007,total,Sectors/Totals_excl,Total (excl. LULUCF),All GHGs,Mt CO2 eq.,64.740042
Sweden,SWE,2008,total,Sectors/Totals_excl,Total (excl. LULUCF),All GHGs,Mt CO2 eq.,62.349705
Sweden,SWE,2009,total,Sectors/Totals_excl,Total (excl. LULUCF),All GHGs,Mt CO2 eq.,58.12545
Sweden,SWE,2010,total,Sectors/Totals_excl,Total (excl. LULUCF),All GHGs,Mt CO2 eq.,64.113922
Sweden,SWE,2011,total,Sectors/Totals_excl,Total (excl. LULUCF),All GHGs,Mt CO2 eq.,59.736296
Sweden,SWE,2012,total,Sectors/Totals_excl,Total (excl. LULUCF),All GHGs,Mt CO2 eq.,56.822586
Sweden,SWE,2013,total,Sectors/Totals_excl,Total (excl. LULUCF),All GHGs,Mt CO2 eq.,55.201663
Sweden,SWE,2014,total,Sectors/Totals_excl,Total (excl. LULUCF),All GHGs,Mt CO2 eq.,53.458036
Sweden,SWE,2015,total,Sectors/Totals_excl,Total (excl. LULUCF),All GHGs,Mt CO2 eq.,53.250646
Sweden,SWE,2016,total,Sectors/Totals_excl,Total (excl. LULUCF),All GHGs,Mt CO2 eq.,53.160798
Sweden,SWE,2017,total,Sectors/Totals_excl,Total (excl. LULUCF),All GHGs,Mt CO2 eq.,52.248974
Sweden,SWE,2018,total,Sectors/Totals_excl,Total (excl. LULUCF),All GHGs,Mt CO2 eq.,51.430252
Sweden,SWE,2019,total,Sectors/Totals_excl,Total (excl. LULUCF),All GHGs,Mt CO2 eq.,50.191095
Sweden,SWE,2020,total,Sectors/Totals_excl,Total (excl. LULUCF),All GHGs,Mt CO2 eq.,45.96861
Sweden,SWE,2021,total,Sectors/Totals_excl,Total (excl. LULUCF),All GHGs,Mt CO2 eq.,47.711199
Sweden,SWE,2022,total,Sectors/Totals_excl,Total (excl. LULUCF),All GHGs,Mt CO2 eq.,45.168037
Sweden,SWE,2023,total,Sectors/Totals_excl,Total (excl. LULUCF),All GHGs,Mt CO2 eq.,44.23357
Sweden,SWE,2024,total,Sectors/Totals_excl,Total (excl. LULUCF),All GHGs,Mt CO2 eq.,47.493655
Switzerland,CHE,2000,total,Sectors/Totals_excl,Total (excl. LULUCF),All GHGs,Mt CO2 eq.,54.001881
Switzerland,CHE,2001,total,Sectors/Totals_excl,Total (excl. LULUCF),All GHGs,Mt CO2 eq.,55.511636
Switzerland,CHE,2002,total,Sectors/Totals_excl,Total (excl. LULUCF),All GHGs,Mt CO2 eq.,53.936786
Switzerland,CHE,2003,total,Sectors/Totals_excl,Total (excl. LULUCF),All GHGs,Mt CO2 eq.,54.978927
Switzerland,CHE,2004,total,Sectors/Totals_excl,Total (excl. LULUCF),All GHGs,Mt CO2 eq.,55.560203
Switzerland,CHE,2005,total,Sectors/Totals_excl,Total (excl. LULUCF),All GHGs,Mt CO2 eq.,56.229781
Switzerland,CHE,2006,total,Sectors/Totals_excl,Total (excl. LULUCF),All GHGs,Mt CO2 eq.,55.846641
Switzerland,CHE,2007,total,Sectors/Totals_excl,Total (excl. LULUCF),All GHGs,Mt CO2 eq.,53.93812
Switzerland,CHE,2008,total,Sectors/Totals_excl,Total (excl. LULUCF),All GHGs,Mt CO2 eq.,55.314115
Switzerland,CHE,2009,total,Sectors/Totals_excl,Total (excl. LULUCF),All GHGs,Mt CO2 eq.,53.842482
Switzerland,CHE,2010,total,Sectors/Totals_excl,Total (excl. LULUCF),All GHGs,Mt CO2 eq.,55.437001
Switzerland,CHE,2011,total,Sectors/Totals_excl,Total (excl. LULUCF),All GHGs,Mt CO2 eq.,51.283119
Switzerland,CHE,2012,total,Sectors/Totals_excl,Total (excl. LULUCF),All GHGs,Mt CO2 eq.,52.665319
Switzerland,CHE,2013,total,Sectors/Totals_excl,Total (excl. LULUCF),All GHGs,Mt CO2 eq.,53.466994
Switzerland,CHE,2014,total,Sectors/Totals_excl,Total (excl. LULUCF),All GHGs,Mt CO2 eq.,49.510614
Switzerland,CHE,2015,total,Sectors/Totals_excl,Total (excl. LULUCF),All GHGs,Mt CO2 eq.,48.992023
Switzerland,CHE,2016,total,Sectors/Totals_excl,Total (excl. LULUCF),All GHGs,Mt CO2 eq.,49.350085
Switzerland,CHE,2017,total,Sectors/Totals_excl,Total (excl. LULUCF),All GHGs,Mt CO2 eq.,48.43314
Switzerland,CHE,2018,total,Sectors/Totals_excl,Total (excl. LULUCF),All GHGs,Mt CO2 eq.,46.881763
Switzerland,CHE,2019,total,Sectors/Totals_excl,Total (excl. LULUCF),All GHGs,Mt CO2 eq.,46.644668
Switzerland,CHE,2020,total,Sectors/Totals_excl,Total (excl. LULUCF),All GHGs,Mt CO2 eq.,43.988548
Switzerland,CHE,2021,total,Sectors/Totals_excl,Total (excl. LULUCF),All GHGs,Mt CO2 eq.,45.30165
Switzerland,CHE,2022,total,Sectors/Totals_excl,Total (excl. LULUCF),All GHGs,Mt CO2 eq.,41.726442
Switzerland,CHE,2023,total,Sectors/Totals_excl,Total (excl. LULUCF),All GHGs,Mt CO2 eq.,40.672183
Switzerland,CHE,2024,total,Sectors/Totals_excl,Total (excl. LULUCF),All GHGs,Mt CO2 eq.,40.111045
Türkiye,TUR,2000,total,Sectors/Totals_excl,Total (excl. LULUCF),All GHGs,Mt CO2 eq.,307.517105
Türkiye,TUR,2001,total,Sectors/Totals_excl,Total (excl. LULUCF),All GHGs,Mt CO2 eq.,288.657283
Türkiye,TUR,2002,total,Sectors/Totals_excl,Total (excl. LULUCF),All GHGs,Mt CO2 eq.,293.468154
Türkiye,TUR,2003,total,Sectors/Totals_excl,Total (excl. LULUCF),All GHGs,Mt CO2 eq.,313.18906
Türkiye,TUR,2004,total,Sectors/Totals_excl,Total (excl. LULUCF),All GHGs,Mt CO2 eq.,322.742176
Türkiye,TUR,2005,total,Sectors/Totals_excl,Total (excl. LULUCF),All GHGs,Mt CO2 eq.,345.774781
Türkiye,TUR,2006,total,Sectors/Totals_excl,Total (excl. LULUCF),All GHGs,Mt CO2 eq.,366.223452
Türkiye,TUR,2007,total,Sectors/Totals_excl,Total (excl. LULUCF),All GHGs,Mt CO2 eq.,400.094458
Türkiye,TUR,2008,total,Sectors/Totals_excl,Total (excl. LULUCF),All GHGs,Mt CO2 eq.,395.90648
Türkiye,TUR,2009,total,Sectors/Totals_excl,Total (excl. LULUCF),All GHGs,Mt CO2 eq.,402.610488
Türkiye,TUR,2010,total,Sectors/Totals_excl,Total (excl. LULUCF),All GHGs,Mt CO2 eq.,406.407214
Türkiye,TUR,2011,total,Sectors/Totals_excl,Total (excl. LULUCF),All GHGs,Mt CO2 eq.,435.848879
Türkiye,TUR,2012,total,Sectors/Totals_excl,Total (excl. LULUCF),All GHGs,Mt CO2 eq.,456.251076
Türkiye,TUR,2013,total,Sectors/Totals_excl,Total (excl. LULUCF),All GHGs,Mt CO2 eq.,448.451162
Türkiye,TUR,2014,total,Sectors/Totals_excl,Total (excl. LULUCF),All GHGs,Mt CO2 eq.,467.343993
Türkiye,TUR,2015,total,Sectors/Totals_excl,Total (excl. LULUCF),All GHGs,Mt CO2 eq.,483.932016
Türkiye,TUR,2016,total,Sectors/Totals_excl,Total (excl. LULUCF),All GHGs,Mt CO2 eq.,508.281987
Türkiye,TUR,2017,total,Sectors/Totals_excl,Total (excl. LULUCF),All GHGs,Mt CO2 eq.,535.157745
Türkiye,TUR,2018,total,Sectors/Totals_excl,Total (excl. LULUCF),All GHGs,Mt CO2 eq.,533.467386
Türkiye,TUR,2019,total,Sectors/Totals_excl,Total (excl. LULUCF),All GHGs,Mt CO2 eq.,518.741187
Türkiye,TUR,2020,total,Sectors/Totals_excl,Total (excl. LULUCF),All GHGs,Mt CO2 eq.,533.962987
Türkiye,TUR,2021,total,Sectors/Totals_excl,Total (excl. LULUCF),All GHGs,Mt CO2 eq.,575.293158
Türkiye,TUR,2022,total,Sectors/Totals_excl,Total (excl. LULUCF),All GHGs,Mt CO2 eq.,561.294062
Türkiye,TUR,2023,total,Sectors/Totals_excl,Total (excl. LULUCF),All GHGs,Mt CO2 eq.,555.15809
Türkiye,TUR,2024,total,Sectors/Totals_excl,Total (excl. LULUCF),All GHGs,Mt CO2 eq.,584.521339
